s,x,y,z,tx,ty,tz,area,coverage,width,height,eta,d_eq,z_floor,z_ceil,n_pts
0.0000,1374.3335,585.5050,229.9316,0.3324,0.8525,-0.4035,8.6738,1.0000,5.6046,4.3673,1.9987,3.3232,228.2870,232.6247,3701
1.0000,1374.6762,586.4436,229.5107,0.2991,0.8786,-0.3722,9.4888,0.8194,7.0760,4.3770,2.1608,3.4759,228.2286,232.4527,2409
2.0000,1374.9693,587.3701,229.1407,0.2641,0.9031,-0.3387,12.0117,0.7222,8.7867,3.9723,3.6273,3.9107,228.1605,232.2360,2614
3.0000,1375.2155,588.2848,228.8193,0.2278,0.9253,-0.3032,14.8432,0.8611,10.0474,4.3359,4.9567,4.3473,227.2291,231.8536,3952
4.0000,1375.4178,589.1880,228.5442,0.1907,0.9449,-0.2661,8.1641,0.9167,10.0176,4.4079,5.4857,3.2241,226.7745,231.5159,5505
5.0000,1375.5787,590.0800,228.3129,0.1532,0.9616,-0.2278,7.1304,0.7361,9.6677,2.9637,5.4460,3.0131,226.5808,230.1490,5857
6.0000,1375.7011,590.9612,228.1233,0.1159,0.9751,-0.1888,10.8104,0.8056,9.3788,3.3973,3.9628,3.7100,226.2685,230.5310,5436
7.0000,1375.7878,591.8318,227.9730,0.0793,0.9855,-0.1498,13.4031,0.8750,9.1801,3.8322,3.1805,4.1310,226.0139,230.3725,5618
8.0000,1375.8414,592.6921,227.8595,0.0441,0.9928,-0.1111,5.7545,1.0000,8.8485,4.3962,2.4971,2.7068,225.6155,229.5395,6394
9.0000,1375.8648,593.5424,227.7807,0.0108,0.9972,-0.0735,7.4092,1.0000,8.7974,4.6162,1.8493,3.0714,225.3346,229.8905,7429
10.0000,1375.8606,594.3831,227.7341,-0.0203,0.9991,-0.0373,27.6080,1.0000,8.7377,5.0512,1.8099,5.9289,224.9464,230.8932,8684
11.0000,1375.8317,595.2143,227.7175,-0.0488,0.9988,-0.0030,30.8445,1.0000,9.1901,5.3214,1.9291,6.2668,224.7040,230.8704,9095
12.0000,1375.7808,596.0365,227.7285,-0.0743,0.9968,0.0292,34.2239,1.0000,9.5794,5.6720,2.0845,6.6012,224.3597,230.1365,9162
13.0000,1375.7106,596.8499,227.7647,-0.0968,0.9935,0.0591,35.0299,0.9722,9.6454,5.8656,2.1084,6.6784,224.1655,230.1309,9377
14.0000,1375.6240,597.6547,227.8239,-0.1161,0.9895,0.0863,34.2312,1.0000,9.8239,5.7593,2.1447,6.6019,224.1926,230.1980,8796
15.0000,1375.5237,598.4514,227.9037,-0.1321,0.9850,0.1110,32.6858,1.0000,10.2085,5.4200,2.3072,6.4511,224.5903,230.1269,8497
16.0000,1375.4123,599.2402,228.0017,-0.1448,0.9805,0.1329,34.7504,1.0000,10.5068,5.3951,2.1759,6.6517,224.7228,230.3102,8969
17.0000,1375.2928,600.0214,228.1157,-0.1541,0.9763,0.1522,38.3416,0.9861,10.5034,5.8504,1.9270,6.9870,224.8452,231.4879,9643
18.0000,1375.1678,600.7952,228.2434,-0.1601,0.9726,0.1687,41.6276,1.0000,10.7437,6.5477,1.7207,7.2802,225.1381,231.8604,10367
19.0000,1375.0401,601.5621,228.3823,-0.1627,0.9696,0.1826,46.1450,1.0000,11.4264,6.5007,1.6999,7.6651,225.3775,232.0418,11582
20.0000,1374.9124,602.3223,228.5301,-0.1620,0.9676,0.1937,50.5734,1.0000,11.9734,6.9875,1.6596,8.0245,225.6535,232.9387,12210
21.0000,1374.7876,603.0760,228.6846,-0.1578,0.9666,0.2022,56.9373,1.0000,12.3097,7.1688,1.6795,8.5144,225.7123,233.1121,12911
22.0000,1374.6683,603.8237,228.8434,-0.1500,0.9666,0.2078,62.1190,1.0000,12.7638,7.5290,1.7418,8.8934,225.7968,233.6952,14439
23.0000,1374.5574,604.5655,229.0041,-0.1386,0.9677,0.2107,67.1295,1.0000,13.3704,7.6710,1.7951,9.2451,226.0230,234.1104,15120
24.0000,1374.4575,605.3018,229.1644,-0.1235,0.9697,0.2107,71.8553,1.0000,13.7678,7.6212,1.8576,9.5650,226.2311,234.2763,14536
25.0000,1374.3714,606.0329,229.3220,-0.1044,0.9726,0.2076,74.5638,1.0000,14.4872,7.5325,1.9418,9.7436,226.4419,234.2176,14184
26.0000,1374.3020,606.7591,229.4746,-0.0812,0.9761,0.2013,76.5842,1.0000,15.1508,7.2738,1.9322,9.8747,226.7275,234.2425,14920
27.0000,1374.2519,607.4806,229.6199,-0.0538,0.9800,0.1918,78.8592,1.0000,15.5958,7.2032,1.9568,10.0203,226.9381,234.2946,14586
28.0000,1374.2239,608.1978,229.7554,-0.0221,0.9837,0.1787,79.4382,1.0000,15.4660,7.1434,2.0308,10.0570,227.1281,234.4379,13481
29.0000,1374.2207,608.9110,229.8789,0.0140,0.9867,0.1620,75.4986,1.0000,15.0992,7.1488,2.0449,9.8045,227.2507,234.6582,13106
30.0000,1374.2439,609.6205,229.9888,0.0502,0.9883,0.1443,71.6801,1.0000,15.0650,7.1279,2.0346,9.5533,227.2845,234.5409,14028
31.0000,1374.2921,610.3263,230.0857,0.0843,0.9883,0.1271,64.7300,1.0000,14.3190,7.0735,1.8598,9.0784,227.3634,234.5962,14222
32.0000,1374.3634,611.0287,230.1702,0.1160,0.9871,0.1106,59.0967,1.0000,12.9684,7.0571,1.7341,8.6743,227.5348,234.8244,13775
33.0000,1374.4562,611.7277,230.2430,0.1452,0.9848,0.0948,54.1962,1.0000,12.6735,8.0255,1.6349,8.3069,227.7646,237.1569,13184
34.0000,1374.5685,612.4236,230.3047,0.1719,0.9819,0.0799,41.7031,1.0000,12.1109,8.1367,1.5202,7.2868,227.8708,236.3214,13089
35.0000,1374.6988,613.1165,230.3562,0.1961,0.9784,0.0658,19.2166,1.0000,11.9110,8.0454,1.6946,4.9464,227.9291,236.2569,12150
36.0000,1374.8451,613.8065,230.3980,0.2176,0.9746,0.0527,16.6132,0.9167,11.7950,7.7433,2.0930,4.5992,227.9806,236.1444,10579
37.0000,1375.0057,614.4938,230.4308,0.2366,0.9708,0.0405,19.5062,0.9444,11.7336,6.8933,2.3915,4.9836,228.0169,235.6181,10692
38.0000,1375.1788,615.1785,230.4554,0.2530,0.9670,0.0293,9.0483,0.8056,11.4455,6.6511,2.3202,3.3942,228.0881,233.4860,10992
39.0000,1375.3627,615.8608,230.4725,0.2669,0.9635,0.0191,15.7046,0.9861,10.8448,6.6231,2.0843,4.4717,228.1442,235.1007,11122
40.0000,1375.5556,616.5408,230.4827,0.2783,0.9604,0.0099,7.1555,0.9583,10.7808,6.8330,2.0566,3.0184,228.0193,230.6962,11218
41.0000,1375.7556,617.2186,230.4867,0.2874,0.9578,0.0016,18.8937,1.0000,10.7408,7.0683,2.0145,4.9047,227.9402,235.7502,10879
42.0000,1375.9611,617.8945,230.4852,0.2940,0.9558,-0.0057,36.2347,1.0000,10.7760,7.5161,1.8555,6.7923,227.7085,236.0940,10926
43.0000,1376.1702,618.5686,230.4789,0.2982,0.9544,-0.0120,41.6227,1.0000,10.5933,7.5548,1.6770,7.2798,227.4826,236.0875,12435
44.0000,1376.3812,619.2410,230.4685,0.3001,0.9537,-0.0174,43.8459,1.0000,10.6856,7.6836,1.5827,7.4717,227.1960,235.3742,13506
45.0000,1376.5923,619.9118,230.4547,0.2997,0.9538,-0.0218,44.7664,1.0000,10.6657,7.4057,1.5811,7.5497,226.9448,234.4360,12809
46.0000,1376.8017,620.5813,230.4381,0.2968,0.9546,-0.0252,46.4665,1.0000,10.9223,7.8773,1.6258,7.6917,226.5012,234.5711,12132
47.0000,1377.0076,621.2495,230.4196,0.2916,0.9561,-0.0277,54.7208,1.0000,10.9977,8.1878,1.6820,8.3470,226.1941,234.5520,11458
48.0000,1377.2083,621.9166,230.3996,0.2839,0.9584,-0.0293,55.6549,1.0000,11.0254,8.3321,1.6898,8.4180,226.0424,234.5414,11654
49.0000,1377.4020,622.5828,230.3791,0.2738,0.9613,-0.0298,56.4811,1.0000,11.1280,8.7114,1.6057,8.4802,225.9207,234.9380,11484
50.0000,1377.5869,623.2481,230.3586,0.2610,0.9649,-0.0294,57.5164,1.0000,11.3079,8.8777,1.5712,8.5576,225.8669,234.9181,11110
51.0000,1377.7612,623.9128,230.3388,0.2457,0.9690,-0.0280,58.7533,1.0000,11.5747,8.8929,1.6149,8.6491,225.9100,234.8997,11675
52.0000,1377.9235,624.5771,230.3203,0.2289,0.9731,-0.0259,52.7257,1.0000,11.7996,8.8907,1.5920,8.1934,225.8860,234.8794,12314
53.0000,1378.0742,625.2413,230.3034,0.2138,0.9766,-0.0239,55.1526,1.0000,12.2761,9.0899,1.5739,8.3799,225.7023,234.9045,11996
54.0000,1378.2150,625.9061,230.2877,0.2007,0.9794,-0.0221,55.9571,1.0000,12.3792,9.2311,1.5896,8.4408,225.6195,235.0509,11632
55.0000,1378.3474,626.5720,230.2732,0.1897,0.9816,-0.0206,56.1811,1.0000,12.2397,9.2975,1.6214,8.4577,225.5674,235.0365,11772
56.0000,1378.4732,627.2397,230.2598,0.1807,0.9833,-0.0192,60.1582,1.0000,12.0716,9.3124,1.6383,8.7519,225.5090,234.9699,12166
57.0000,1378.5938,627.9097,230.2471,0.1740,0.9846,-0.0180,59.1280,1.0000,12.1564,9.2333,1.6010,8.6766,225.4841,234.9574,12655
58.0000,1378.7109,628.5825,230.2352,0.1693,0.9854,-0.0170,62.6623,1.0000,12.1924,9.1610,1.5885,8.9322,225.5205,234.9011,12418
59.0000,1378.8261,629.2588,230.2238,0.1668,0.9858,-0.0162,63.0167,1.0000,12.2709,9.0981,1.6029,8.9574,225.6134,234.9497,12208
60.0000,1378.9410,629.9392,230.2129,0.1665,0.9859,-0.0156,65.9062,1.0000,12.4109,9.2141,1.6265,9.1605,225.5502,234.9385,12103
61.0000,1379.0572,630.6242,230.2021,0.1683,0.9856,-0.0153,71.8604,1.0000,12.4302,9.6114,1.6157,9.5653,225.3144,235.1458,12388
62.0000,1379.1763,631.3144,230.1915,0.1721,0.9850,-0.0151,73.7777,1.0000,12.3331,9.6975,1.5843,9.6921,225.2720,235.1349,12854
63.0000,1379.3000,632.0104,230.1807,0.1779,0.9839,-0.0152,74.2034,1.0000,12.2796,9.4848,1.5458,9.7200,225.4754,235.1197,13317
64.0000,1379.4297,632.7128,230.1698,0.1856,0.9825,-0.0154,73.7248,1.0000,12.1276,9.2941,1.5292,9.6886,225.6857,236.4947,13559
65.0000,1379.5672,633.4222,230.1585,0.1951,0.9807,-0.0159,71.3363,1.0000,12.0848,9.1184,1.4975,9.5304,226.0733,236.4829,13920
66.0000,1379.7140,634.1391,230.1467,0.2063,0.9784,-0.0165,70.9913,1.0000,12.3941,9.4853,1.4630,9.5073,226.6222,236.4574,14970
67.0000,1379.8717,634.8641,230.1342,0.2190,0.9756,-0.0172,57.1570,1.0000,12.4938,9.2719,1.5287,8.5308,226.7338,236.3711,14545
68.0000,1380.0419,635.5978,230.1209,0.2332,0.9723,-0.0182,46.8846,0.9444,12.3786,8.9939,1.6872,7.7263,226.8282,236.2959,13264
69.0000,1380.2263,636.3409,230.1066,0.2486,0.9684,-0.0192,44.7558,0.9306,12.3220,8.7250,1.7146,7.5488,226.9643,236.2818,13470
70.0000,1380.4265,637.0938,230.0911,0.2652,0.9640,-0.0204,45.8139,0.9306,12.3546,8.9273,1.6369,7.6375,226.8561,236.4889,13807
71.0000,1380.6440,637.8571,230.0744,0.2828,0.9589,-0.0217,67.8801,0.9722,12.0632,9.5917,1.4285,9.2966,226.6764,236.7052,13876
72.0000,1380.8804,638.6315,230.0562,0.3009,0.9534,-0.0231,73.3728,1.0000,11.9853,9.6821,1.3396,9.6655,226.5729,236.6854,14037
73.0000,1381.1358,639.4166,230.0369,0.3172,0.9481,-0.0235,73.0280,1.0000,11.8182,9.3821,1.3378,9.6427,226.3701,236.3466,15255
74.0000,1381.4083,640.2112,230.0174,0.3311,0.9433,-0.0228,70.7904,1.0000,11.7153,9.5616,1.3222,9.4938,226.0421,235.7888,15974
75.0000,1381.6959,641.0137,229.9986,0.3431,0.9391,-0.0211,70.2862,1.0000,11.6016,9.7071,1.2569,9.4600,225.8569,235.7549,14951
76.0000,1381.9966,641.8229,229.9814,0.3531,0.9354,-0.0184,66.5767,1.0000,11.4924,9.4532,1.2666,9.2070,225.7934,235.5629,14111
77.0000,1382.3083,642.6373,229.9669,0.3614,0.9323,-0.0148,60.3893,0.9861,11.2587,9.1960,1.3979,8.7687,225.7055,235.2236,12687
78.0000,1382.6290,643.4554,229.9559,0.3682,0.9297,-0.0101,58.5747,1.0000,10.9629,7.6748,1.4552,8.6359,226.4813,234.4305,10736
79.0000,1382.9567,644.2759,229.9493,0.3734,0.9277,-0.0045,58.0579,1.0000,10.4435,7.8734,1.4097,8.5978,226.1991,234.1734,10925
80.0000,1383.2894,645.0973,229.9482,0.3771,0.9262,0.0022,56.3317,1.0000,10.2143,8.1693,1.3251,8.4690,225.9940,234.4773,10656
81.0000,1383.6249,645.9183,229.9535,0.3794,0.9252,0.0099,52.7762,1.0000,10.1045,8.2718,1.2834,8.1974,226.1846,234.5645,10336
82.0000,1383.9614,646.7374,229.9661,0.3803,0.9247,0.0187,50.7163,1.0000,10.1075,8.2869,1.3208,8.0358,226.2296,234.6064,12116
83.0000,1384.2967,647.5531,229.9869,0.3797,0.9247,0.0287,52.0431,1.0000,10.1817,8.1711,1.3895,8.1402,226.3262,234.6285,12464
84.0000,1384.6289,648.3642,230.0170,0.3776,0.9251,0.0400,50.7013,1.0000,10.2042,7.8330,1.3997,8.0346,226.5956,234.6832,12152
85.0000,1384.9559,649.1692,230.0571,0.3740,0.9259,0.0526,48.0400,1.0000,10.1204,7.6892,1.4321,7.8209,226.7890,234.7425,12422
86.0000,1385.2757,649.9666,230.1084,0.3688,0.9271,0.0668,47.3114,1.0000,10.1307,7.6158,1.4548,7.7614,226.9194,234.8470,11900
87.0000,1385.5863,650.7551,230.1717,0.3618,0.9286,0.0825,48.3996,1.0000,9.8356,6.9851,1.4594,7.8501,227.6381,234.9137,11360
88.0000,1385.8855,651.5332,230.2479,0.3528,0.9303,0.1000,50.2006,1.0000,10.2562,6.9533,1.5162,7.9948,227.6928,234.7378,11503
89.0000,1386.1715,652.2995,230.3381,0.3418,0.9321,0.1195,50.8813,1.0000,10.3964,6.8111,1.5731,8.0489,227.7610,234.7403,11588
90.0000,1386.4426,653.0532,230.4424,0.3291,0.9340,0.1388,48.5911,1.0000,10.3750,6.5064,1.5701,7.8656,228.0382,234.6904,10902
91.0000,1386.6982,653.7951,230.5597,0.3150,0.9361,0.1566,47.4236,1.0000,10.6691,6.6076,1.5503,7.7706,228.1381,234.9549,11274
92.0000,1386.9380,654.5260,230.6882,0.2995,0.9383,0.1726,51.7923,1.0000,11.0558,6.6668,1.5563,8.1206,228.2649,235.2392,12385
93.0000,1387.1615,655.2472,230.8262,0.2828,0.9408,0.1868,55.9367,1.0000,11.4490,6.7342,1.6496,8.4392,228.4543,235.3722,12107
94.0000,1387.3686,655.9595,230.9721,0.2647,0.9436,0.1990,52.3438,1.0000,11.7606,7.0956,1.6783,8.1637,228.5869,236.1493,11904
95.0000,1387.5587,656.6640,231.1243,0.2452,0.9467,0.2090,56.9046,1.0000,11.9988,7.1978,1.6846,8.5119,228.7503,236.2990,11996
96.0000,1387.7316,657.3617,231.2811,0.2245,0.9501,0.2168,60.6496,1.0000,12.2839,7.2630,1.7477,8.7876,228.8493,236.3469,11201
97.0000,1387.8868,658.0536,231.4408,0.2024,0.9537,0.2223,57.4592,0.9583,12.9998,7.0318,1.8763,8.5533,228.8759,236.3401,10762
98.0000,1388.0241,658.7408,231.6018,0.1792,0.9577,0.2252,67.9417,0.9722,13.9336,7.1412,1.9477,9.3009,228.8552,236.3767,11058
99.0000,1388.1430,659.4242,231.7625,0.1547,0.9619,0.2256,70.9860,1.0000,14.3825,7.2926,1.8438,9.5070,228.8615,236.5598,12400
100.0000,1388.2433,660.1048,231.9211,0.1291,0.9662,0.2233,73.4749,1.0000,14.8159,7.3642,1.7982,9.6722,228.8978,236.6149,13900
101.0000,1388.3245,660.7838,232.0761,0.1024,0.9705,0.2183,75.8785,1.0000,15.1931,7.4078,1.8699,9.8291,228.9246,236.3198,14482
102.0000,1388.3863,661.4620,232.2257,0.0747,0.9748,0.2104,77.0066,1.0000,15.2333,7.4528,1.9541,9.9019,228.9465,236.4288,14768
103.0000,1388.4283,662.1405,232.3683,0.0461,0.9788,0.1998,78.0181,1.0000,15.1719,7.3698,2.0178,9.9667,228.9976,236.5224,14719
104.0000,1388.4502,662.8203,232.5023,0.0169,0.9823,0.1863,77.4545,1.0000,15.1956,7.2324,1.9775,9.9307,229.0877,236.5062,15071
105.0000,1388.4516,663.5025,232.6261,-0.0129,0.9853,0.1701,76.4998,1.0000,15.2994,7.0015,1.9924,9.8693,229.1735,236.4053,15408
106.0000,1388.4321,664.1880,232.7379,-0.0431,0.9876,0.1512,77.2017,1.0000,15.4528,6.9721,2.0894,9.9144,229.2868,236.5251,15338
107.0000,1388.3915,664.8778,232.8360,-0.0734,0.9888,0.1297,77.8357,1.0000,16.3109,7.0589,2.2551,9.9551,229.3730,236.5024,14958
108.0000,1388.3293,665.5731,232.9190,-0.1035,0.9890,0.1059,78.5155,1.0000,17.0573,7.1131,2.3155,9.9984,229.4980,237.0385,15883
109.0000,1388.2452,666.2747,232.9850,-0.1334,0.9878,0.0799,76.7134,1.0000,16.9096,7.2247,2.2921,9.8830,229.6290,237.1166,17545
110.0000,1388.1388,666.9837,233.0325,-0.1626,0.9853,0.0520,76.5023,1.0000,16.5942,7.6290,2.2728,9.8694,229.7397,236.7115,18548
111.0000,1388.0098,667.7011,233.0598,-0.1907,0.9814,0.0233,77.2613,1.0000,17.7631,7.7443,2.2897,9.9183,229.8454,237.9450,18400
112.0000,1387.8585,668.4271,233.0671,-0.2169,0.9762,-0.0032,78.8894,1.0000,18.2092,7.8299,2.2979,10.0222,229.9486,238.0565,15930
113.0000,1387.6855,669.1613,233.0554,-0.2412,0.9701,-0.0274,66.3754,0.9583,17.3781,7.7576,2.3457,9.1930,230.0227,238.0436,14916
114.0000,1387.4916,669.9035,233.0257,-0.2637,0.9633,-0.0494,59.9261,0.9444,16.7809,7.5126,2.3319,8.7350,230.1893,238.0615,15106
115.0000,1387.2773,670.6534,232.9792,-0.2844,0.9562,-0.0692,55.1719,0.9444,16.2167,7.4532,2.3610,8.3814,230.3140,238.1606,13214
116.0000,1387.0435,671.4107,232.9170,-0.3036,0.9488,-0.0870,47.4734,0.9306,15.9279,7.2174,2.4769,7.7746,230.4000,238.1056,11845
117.0000,1386.7906,672.1751,232.8400,-0.3213,0.9414,-0.1029,45.0232,0.9306,15.9277,7.0106,2.6179,7.5714,230.4980,237.9137,11698
118.0000,1386.5195,672.9463,232.7495,-0.3377,0.9340,-0.1170,38.1429,0.9028,16.2454,6.7571,2.7232,6.9689,230.6274,237.8355,12293
119.0000,1386.2307,673.7240,232.6464,-0.3529,0.9267,-0.1293,38.4666,0.9167,15.5228,6.4294,2.6665,6.9984,230.7131,237.6146,12197
120.0000,1385.9250,674.5078,232.5319,-0.3669,0.9196,-0.1401,29.5405,0.8889,14.5432,6.2145,2.7270,6.1329,230.6782,237.2554,11077
121.0000,1385.6031,675.2976,232.4071,-0.3799,0.9129,-0.1493,29.9423,0.8750,14.4021,7.0213,2.4237,6.1744,230.5460,238.2040,11503
122.0000,1385.2655,676.0929,232.2730,-0.3920,0.9064,-0.1571,26.1643,0.8889,13.7793,7.2727,2.2882,5.7718,230.4701,238.2730,12251
123.0000,1384.9130,676.8936,232.1308,-0.4032,0.9004,-0.1636,32.0345,0.9306,13.5907,7.4034,2.1078,6.3865,230.4005,238.1669,13865
124.0000,1384.5463,677.6992,231.9815,-0.4137,0.8946,-0.1688,24.7542,1.0000,12.8188,7.2731,1.8643,5.6141,230.2783,237.9746,15635
125.0000,1384.1660,678.5096,231.8262,-0.4234,0.8893,-0.1729,41.2448,1.0000,12.1736,7.3166,1.6706,7.2467,229.9786,238.1874,15712
126.0000,1383.7728,679.3243,231.6659,-0.4325,0.8844,-0.1757,38.8460,1.0000,11.2818,7.9774,1.6915,7.0328,229.6814,238.1889,13109
127.0000,1383.3674,680.1431,231.5019,-0.4409,0.8798,-0.1775,38.2711,0.9861,10.7327,7.7616,1.7791,6.9806,229.4205,235.3248,11930
128.0000,1382.9504,680.9657,231.3351,-0.4488,0.8757,-0.1782,39.9351,1.0000,10.6129,5.9410,1.7051,7.1307,229.1681,235.2940,12631
129.0000,1382.5225,681.7919,231.1666,-0.4562,0.8719,-0.1779,41.0778,1.0000,10.1916,6.3704,1.5948,7.2320,228.5970,235.1289,13127
130.0000,1382.0844,682.6212,230.9976,-0.4631,0.8685,-0.1766,39.2775,1.0000,9.9918,6.7377,1.5356,7.0718,228.2000,235.0184,12363
131.0000,1381.6368,683.4534,230.8291,-0.4695,0.8655,-0.1745,36.5848,1.0000,10.3329,7.1195,1.4164,6.8250,227.8617,235.2369,13039
132.0000,1381.1804,684.2883,230.6617,-0.4752,0.8629,-0.1721,37.2318,1.0000,10.3905,7.1890,1.3788,6.8851,227.5808,235.1716,13919
133.0000,1380.7159,685.1259,230.4956,-0.4804,0.8605,-0.1696,46.3974,1.0000,10.2397,7.6172,1.3869,7.6860,227.1240,235.2935,13226
134.0000,1380.2441,685.9659,230.3310,-0.4849,0.8584,-0.1671,57.5707,1.0000,10.4185,7.7410,1.5660,8.5616,227.0294,235.1299,11283
135.0000,1379.7657,686.8083,230.1682,-0.4889,0.8567,-0.1644,53.7076,0.9722,10.8566,7.8533,1.6669,8.2694,226.6889,234.7709,11302
136.0000,1379.2816,687.6530,230.0073,-0.4923,0.8553,-0.1617,54.3266,1.0000,11.5334,7.5657,1.6609,8.3169,226.6313,234.2402,12174
137.0000,1378.7924,688.4998,229.8485,-0.4951,0.8542,-0.1588,57.0580,0.9861,11.5647,7.3751,1.7215,8.5234,226.7541,234.1650,12046
138.0000,1378.2989,689.3487,229.6920,-0.4974,0.8534,-0.1559,53.4206,1.0000,11.5995,7.0140,1.7443,8.2473,227.0630,234.1639,12067
139.0000,1377.8019,690.1996,229.5381,-0.4992,0.8529,-0.1528,44.8453,1.0000,11.6882,7.1871,1.6875,7.5564,226.8560,234.0970,12862
140.0000,1377.3022,691.0523,229.3869,-0.5004,0.8528,-0.1497,32.2884,1.0000,11.8376,7.3270,1.6413,6.4118,226.6842,234.0307,14119
141.0000,1376.8004,691.9068,229.2386,-0.5011,0.8529,-0.1464,2.4091,1.0000,11.3170,7.4691,1.6098,1.7514,226.5337,229.7849,13662
142.0000,1376.2974,692.7629,229.0934,-0.5013,0.8534,-0.1430,3.2636,1.0000,11.0434,7.5684,1.4843,2.0385,226.2960,229.7723,14008
143.0000,1375.7939,693.6205,228.9515,-0.5010,0.8541,-0.1395,6.5773,1.0000,10.9838,7.5199,1.3958,2.8939,226.2004,229.7304,16226
144.0000,1375.2906,694.4795,228.8131,-0.5002,0.8552,-0.1358,10.5214,1.0000,11.1135,7.8329,1.3922,3.6601,225.7272,229.5917,16776
145.0000,1374.7884,695.3399,228.6784,-0.4989,0.8565,-0.1321,7.4488,1.0000,11.1340,7.7503,1.4575,3.0796,225.3382,229.2401,15287
146.0000,1374.2879,696.2015,228.5477,-0.4971,0.8582,-0.1282,8.6856,1.0000,10.2584,8.1002,1.3632,3.3255,224.6392,228.4627,14214
147.0000,1373.7900,697.0641,228.4210,-0.4947,0.8602,-0.1241,21.6232,1.0000,9.8843,8.3285,1.2946,5.2471,224.2850,232.7212,14048
148.0000,1373.2953,697.9278,228.2987,-0.4918,0.8624,-0.1199,50.9125,1.0000,10.0636,8.7224,1.3922,8.0513,224.0524,233.0393,12648
149.0000,1372.8047,698.7924,228.1808,-0.4883,0.8650,-0.1155,52.6642,1.0000,9.5951,8.5126,1.3064,8.1887,224.0422,232.9212,12135
150.0000,1372.3189,699.6577,228.0676,-0.4843,0.8678,-0.1110,49.7077,1.0000,9.4326,8.0250,1.3211,7.9555,224.2998,232.4608,12217
151.0000,1371.8386,700.5237,227.9594,-0.4798,0.8709,-0.1063,48.1161,1.0000,9.4051,8.4557,1.1927,7.8271,224.1929,233.0117,13211
152.0000,1371.3647,701.3903,227.8562,-0.4746,0.8743,-0.1014,50.2432,1.0000,8.9433,8.5790,1.1871,7.9982,224.3343,233.0457,13706
153.0000,1370.8978,702.2574,227.7583,-0.4688,0.8780,-0.0964,53.2612,1.0000,8.7239,8.5633,1.1608,8.2349,224.3529,233.0285,12905
154.0000,1370.4387,703.1248,227.6659,-0.4624,0.8820,-0.0911,54.0679,1.0000,8.5035,8.6938,1.0833,8.2971,224.2244,233.0334,12817
155.0000,1369.9883,703.9924,227.5792,-0.4554,0.8862,-0.0856,55.5744,1.0000,8.7211,8.7719,1.1037,8.4119,224.2323,233.0486,12071
156.0000,1369.5471,704.8602,227.4984,-0.4477,0.8906,-0.0799,59.6768,1.0000,9.7772,8.9450,1.1553,8.7168,223.9665,233.1902,13101
157.0000,1369.1161,705.7281,227.4237,-0.4392,0.8953,-0.0739,62.0682,1.0000,10.2075,8.7962,1.2415,8.8898,224.0862,233.1171,13274
158.0000,1368.6959,706.5958,227.3552,-0.4301,0.9003,-0.0677,64.1235,1.0000,10.4684,8.7981,1.2455,9.0357,224.1420,233.2172,11782
159.0000,1368.2873,707.4634,227.2932,-0.4201,0.9054,-0.0612,71.2372,0.9861,10.9524,9.5816,1.2531,9.5238,223.3055,233.1480,12193
160.0000,1367.8911,708.3307,227.2379,-0.4094,0.9107,-0.0545,75.2213,1.0000,11.3783,10.2526,1.2266,9.7865,222.7445,233.1648,14933
161.0000,1367.5080,709.1976,227.1895,-0.3978,0.9162,-0.0475,75.4812,1.0000,11.9322,10.2508,1.2880,9.8033,222.8066,233.2454,14977
162.0000,1367.1388,710.0640,227.1481,-0.3853,0.9219,-0.0402,77.1547,1.0000,12.2092,10.0192,1.3394,9.9114,223.0734,233.3713,14169
163.0000,1366.7842,710.9298,227.1141,-0.3720,0.9277,-0.0326,78.7373,1.0000,12.5696,10.1174,1.4097,10.0126,223.0594,233.3549,13473
164.0000,1366.4450,711.7949,227.0874,-0.3576,0.9335,-0.0246,81.2546,1.0000,12.8770,9.9390,1.5063,10.1714,223.1258,233.3301,13727
165.0000,1366.1219,712.6592,227.0685,-0.3423,0.9395,-0.0164,80.7037,1.0000,12.9280,10.0309,1.4623,10.1368,222.7858,233.0361,14078
166.0000,1365.8158,713.5226,227.0574,-0.3259,0.9454,-0.0078,76.7091,1.0000,12.7367,10.1625,1.3763,9.8828,222.5337,232.9252,14120
167.0000,1365.5273,714.3849,227.0544,-0.3084,0.9513,0.0012,77.9993,1.0000,12.1983,9.9738,1.3478,9.9655,222.7293,232.8107,14190
168.0000,1365.2572,715.2461,227.0597,-0.2898,0.9570,0.0105,73.7545,1.0000,12.0895,9.2631,1.3775,9.6906,223.4642,232.8455,13927
169.0000,1365.0063,716.1060,227.0734,-0.2701,0.9626,0.0202,68.5332,1.0000,11.5053,8.9857,1.3599,9.3413,223.7422,232.8798,13747
170.0000,1364.7753,716.9646,227.0957,-0.2491,0.9680,0.0302,62.0634,1.0000,10.0471,8.7142,1.2185,8.8894,224.0103,233.3532,13824
171.0000,1364.5649,717.8218,227.1268,-0.2275,0.9729,0.0400,58.4226,1.0000,9.3696,8.7676,1.1722,8.6247,223.8778,233.3853,13790
172.0000,1364.3746,718.6777,227.1659,-0.2061,0.9773,0.0490,58.4443,1.0000,9.3836,8.8289,1.2191,8.6263,223.6959,232.7230,13040
173.0000,1364.2040,719.5324,227.2123,-0.1848,0.9811,0.0572,57.9546,1.0000,9.5497,8.8966,1.2702,8.5901,223.6711,232.8374,12616
174.0000,1364.0527,720.3861,227.2652,-0.1637,0.9844,0.0644,59.9093,1.0000,10.5804,9.0395,1.3100,8.7338,223.7141,232.8914,11876
175.0000,1363.9201,721.2390,227.3237,-0.1429,0.9872,0.0707,61.2889,1.0000,10.6786,9.0088,1.2318,8.8338,223.7452,232.9466,12524
176.0000,1363.8056,722.0912,227.3871,-0.1225,0.9895,0.0761,61.2377,1.0000,10.5382,8.8804,1.2026,8.8301,223.9093,232.9029,12623
177.0000,1363.7090,722.9428,227.4545,-0.1025,0.9915,0.0806,60.9546,1.0000,10.5656,8.8561,1.2363,8.8096,223.9045,232.9678,12540
178.0000,1363.6295,723.7941,227.5252,-0.0829,0.9930,0.0841,58.7021,1.0000,10.5399,8.5189,1.2652,8.6453,223.8672,232.5952,12840
179.0000,1363.5667,724.6452,227.5984,-0.0637,0.9942,0.0866,56.5120,1.0000,10.3406,8.2184,1.2903,8.4825,223.9410,232.4150,12510
180.0000,1363.5202,725.4961,227.6731,-0.0451,0.9951,0.0881,55.9062,1.0000,9.8688,7.9661,1.2713,8.4369,224.1785,232.4334,13244
181.0000,1363.4894,726.3472,227.7488,-0.0271,0.9957,0.0886,53.3549,1.0000,9.4656,7.9004,1.2694,8.2422,224.6060,232.6317,12858
182.0000,1363.4738,727.1986,227.8244,-0.0095,0.9961,0.0882,50.1419,1.0000,8.8032,7.8890,1.2861,7.9902,224.7620,232.7086,11273
183.0000,1363.4729,728.0503,227.8993,0.0074,0.9962,0.0868,46.6049,1.0000,8.8011,7.5904,1.3921,7.7032,224.7901,232.6519,10569
184.0000,1363.4862,728.9026,227.9726,0.0237,0.9961,0.0844,49.0050,1.0000,9.1237,7.9305,1.3410,7.8991,224.5189,232.6474,11989
185.0000,1363.5133,729.7556,228.0436,0.0394,0.9959,0.0811,52.2599,1.0000,10.4059,7.9122,1.3479,8.1572,224.6138,232.7440,13102
186.0000,1363.5536,730.6094,228.1114,0.0545,0.9956,0.0768,58.7088,1.0000,11.5184,8.0449,1.4520,8.6458,224.7047,232.8525,12145
187.0000,1363.6066,731.4643,228.1752,0.0689,0.9951,0.0716,63.1748,1.0000,12.7474,8.3652,1.5867,8.9686,224.4754,232.9892,12166
188.0000,1363.6719,732.3204,228.2342,0.0827,0.9944,0.0654,66.7059,1.0000,13.7779,8.5905,1.6701,9.2159,224.4755,233.1956,13381
189.0000,1363.7489,733.1778,228.2876,0.0957,0.9937,0.0583,69.2411,1.0000,14.3102,9.1021,1.7211,9.3894,224.0956,233.2499,13871
190.0000,1363.8371,734.0367,228.3347,0.1082,0.9929,0.0503,69.8998,1.0000,17.8405,8.9474,1.8486,9.4339,224.1678,233.2511,15378
191.0000,1363.9360,734.8972,228.3745,0.1199,0.9919,0.0414,65.1753,1.0000,19.4365,8.5650,2.0511,9.1095,224.5324,233.2479,18168
192.0000,1364.0449,735.7594,228.4065,0.1298,0.9910,0.0322,62.2050,1.0000,27.7748,8.1769,2.2085,8.8995,224.9075,233.2801,18175
193.0000,1364.1613,736.6230,228.4306,0.1368,0.9903,0.0231,59.2335,1.0000,28.0661,7.9980,2.1435,8.6844,225.2549,233.3871,14695
194.0000,1364.2827,737.4874,228.4469,0.1409,0.9899,0.0142,57.4822,1.0000,27.9562,7.6486,2.4375,8.5550,225.7295,233.5758,14168
195.0000,1364.4065,738.3523,228.4555,0.1421,0.9898,0.0054,57.3780,1.0000,25.2335,7.5800,2.0144,8.5473,225.8072,233.5902,13795
196.0000,1364.5302,739.2172,228.4564,0.1405,0.9901,-0.0033,57.0239,1.0000,10.6018,7.2369,1.5086,8.5209,225.8944,233.4037,12960
197.0000,1364.6511,740.0815,228.4498,0.1360,0.9906,-0.0119,58.8521,1.0000,11.0232,7.1132,1.5967,8.6564,225.8960,233.1879,12383
198.0000,1364.7666,740.9450,228.4358,0.1286,0.9915,-0.0204,59.6464,1.0000,11.4289,7.0655,1.6627,8.7146,225.8784,233.2890,12020
199.0000,1364.8741,741.8071,228.4143,0.1183,0.9926,-0.0289,59.1957,1.0000,11.3400,7.4229,1.6446,8.6816,225.8955,233.8073,12140
200.0000,1364.9711,742.6674,228.3856,0.1050,0.9938,-0.0374,55.9221,1.0000,10.9279,8.0623,1.4254,8.4381,225.9399,234.1957,13016
201.0000,1365.0549,743.5254,228.3497,0.0887,0.9950,-0.0459,55.0633,1.0000,10.4557,8.0532,1.4557,8.3731,225.9761,234.3486,12195
202.0000,1365.1230,744.3806,228.3067,0.0692,0.9961,-0.0543,56.0661,1.0000,10.4698,7.7967,1.4122,8.4490,226.1213,234.3793,11560
203.0000,1365.1727,745.2327,228.2566,0.0465,0.9969,-0.0628,51.1341,1.0000,10.5691,7.5567,1.3914,8.0688,226.2954,234.0519,12733
204.0000,1365.2014,746.0811,228.1997,0.0205,0.9973,-0.0712,53.2268,1.0000,10.6882,7.4089,1.3782,8.2323,226.3668,233.9686,13297
205.0000,1365.2066,746.9255,228.1358,-0.0088,0.9968,-0.0796,51.4330,1.0000,10.6611,7.0894,1.4244,8.0924,226.2104,233.3985,12858
206.0000,1365.1856,747.7653,228.0652,-0.0415,0.9953,-0.0879,53.0360,1.0000,10.4728,7.6388,1.4174,8.2175,225.5622,233.3070,12710
207.0000,1365.1359,748.6002,227.9880,-0.0774,0.9924,-0.0961,51.8677,1.0000,10.0727,7.8059,1.4248,8.1265,225.2795,233.2085,13705
208.0000,1365.0549,749.4295,227.9041,-0.1166,0.9877,-0.1041,49.8169,1.0000,9.8072,7.9547,1.3863,7.9642,224.9939,233.1105,15192
209.0000,1364.9399,750.2530,227.8138,-0.1588,0.9810,-0.1119,48.6367,1.0000,9.3801,7.9499,1.3427,7.8693,224.8660,232.9421,14424
210.0000,1364.7884,751.0702,227.7170,-0.2037,0.9717,-0.1193,47.4477,1.0000,9.1230,7.8996,1.3147,7.7725,224.7503,232.7870,12400
211.0000,1364.5978,751.8806,227.6139,-0.2510,0.9597,-0.1263,47.2991,1.0000,8.8044,7.7541,1.2332,7.7604,224.6695,232.5720,11997
212.0000,1364.3654,752.6837,227.5046,-0.3002,0.9446,-0.1328,48.2867,1.0000,8.9807,8.0327,1.1959,7.8410,224.3245,232.5288,13016
213.0000,1364.0888,753.4791,227.3892,-0.3505,0.9262,-0.1386,48.9306,1.0000,8.6613,8.1576,1.2482,7.8931,224.1484,232.4029,12302
214.0000,1363.7673,754.2668,227.2682,-0.3967,0.9068,-0.1425,49.1116,1.0000,8.4444,8.1012,1.1683,7.9076,224.2263,232.4116,11039
215.0000,1363.4041,755.0475,227.1434,-0.4371,0.8878,-0.1440,49.3702,1.0000,8.3302,7.9653,1.0774,7.9284,224.2733,232.2946,11035
216.0000,1363.0028,755.8221,227.0165,-0.4721,0.8698,-0.1435,48.0446,1.0000,8.5666,7.8893,1.1096,7.8213,224.1973,232.1746,11418
217.0000,1362.5673,756.5916,226.8893,-0.5022,0.8532,-0.1410,46.9666,1.0000,8.4874,8.0844,1.1153,7.7330,223.7892,232.0212,11960
218.0000,1362.1010,757.3566,226.7636,-0.5277,0.8384,-0.1366,45.9896,1.0000,8.1418,8.1736,1.1311,7.6522,223.5639,231.7891,11357
219.0000,1361.6077,758.1182,226.6411,-0.5491,0.8255,-0.1306,45.9670,1.0000,8.1134,8.2793,1.2153,7.6503,223.2480,231.6610,12000
220.0000,1361.0911,758.8772,226.5237,-0.5666,0.8148,-0.1229,44.2422,1.0000,7.9137,8.4105,1.2249,7.5054,222.9839,231.5244,13186
221.0000,1360.5547,759.6344,226.4131,-0.5807,0.8062,-0.1136,43.3242,1.0000,7.1588,8.2276,1.1221,7.4271,222.8501,231.2626,11972
222.0000,1360.0022,760.3908,226.3111,-0.5915,0.7997,-0.1027,39.5238,1.0000,7.0480,8.0015,1.0896,7.0939,222.7457,230.8325,11405
223.0000,1359.4373,761.1471,226.2194,-0.5992,0.7955,-0.0903,41.2559,1.0000,7.2119,8.2681,1.0458,7.2477,222.6941,231.4093,11849
224.0000,1358.8637,761.9042,226.1399,-0.6039,0.7934,-0.0763,42.9009,1.0000,7.2786,8.4216,1.1237,7.3907,222.5718,231.3366,10897
225.0000,1358.2850,762.6631,226.0743,-0.6056,0.7935,-0.0606,44.9463,1.0000,7.6291,8.5996,1.1857,7.5649,222.3998,231.1773,11107
226.0000,1357.7048,763.4246,226.0245,-0.6044,0.7955,-0.0432,45.5533,1.0000,7.9285,8.6253,1.1704,7.6158,222.3180,231.1268,10871
227.0000,1357.1269,764.1895,225.9921,-0.6001,0.7995,-0.0240,44.2533,1.0000,7.8635,8.3037,1.1370,7.5063,222.3604,230.8508,10890
228.0000,1356.5548,764.9587,225.9789,-0.5928,0.8054,-0.0030,45.5695,1.0000,7.7657,8.4699,1.2220,7.6171,222.2089,230.8657,10878
229.0000,1355.9922,765.7330,225.9868,-0.5821,0.8129,0.0199,47.6428,0.9861,7.9970,8.6156,1.3131,7.7885,222.1379,230.8804,9892
230.0000,1355.4429,766.5135,226.0175,-0.5679,0.8219,0.0448,49.5815,0.9861,8.0933,8.4592,1.2539,7.9454,222.3093,230.8743,9788
231.0000,1354.9103,767.3008,226.0728,-0.5500,0.8321,0.0717,51.9289,0.9861,8.2210,8.4160,1.2021,8.1313,222.3901,230.9052,9554
232.0000,1354.3983,768.0959,226.1545,-0.5281,0.8432,0.1007,54.9963,1.0000,8.1322,8.8730,1.1916,8.3680,222.1115,231.1429,9992
233.0000,1353.9104,768.8996,226.2643,-0.5019,0.8549,0.1316,53.2043,0.9722,8.1485,8.7612,1.0633,8.2305,222.3492,232.0944,10302
234.0000,1353.4502,769.7128,226.4039,-0.4722,0.8662,0.1636,55.9270,1.0000,8.2572,9.0402,1.1599,8.4385,222.3732,232.2335,11163
235.0000,1353.0176,770.5353,226.5724,-0.4441,0.8751,0.1925,54.6729,1.0000,8.1558,9.7451,1.3493,8.3434,222.3743,232.4164,12427
236.0000,1352.6102,771.3659,226.7666,-0.4184,0.8818,0.2179,55.8436,1.0000,8.6265,10.4529,1.4176,8.4322,221.8930,232.4026,13010
237.0000,1352.2250,772.2037,226.9837,-0.3954,0.8867,0.2397,53.4136,1.0000,8.8896,10.5198,1.4942,8.2467,221.9140,232.4443,12632
238.0000,1351.8593,773.0474,227.2203,-0.3753,0.8902,0.2581,53.4688,1.0000,9.0765,10.4072,1.5654,8.2510,222.0601,232.6506,13087
239.0000,1351.5104,773.8962,227.4734,-0.3583,0.8928,0.2732,47.3279,1.0000,8.4657,9.8577,1.4886,7.7627,222.4448,232.4037,12975
240.0000,1351.1755,774.7488,227.7400,-0.3444,0.8945,0.2851,44.0224,1.0000,7.4571,10.1604,1.4451,7.4867,222.7460,233.3370,13803
241.0000,1350.8518,775.6041,228.0169,-0.3336,0.8957,0.2939,44.7521,1.0000,7.4988,9.3659,1.3121,7.5485,224.1609,233.8659,12968
242.0000,1350.5366,776.4612,228.3010,-0.3261,0.8966,0.2997,44.7374,1.0000,7.8469,9.0323,1.1022,7.5473,224.9525,234.2169,10933
243.0000,1350.2271,777.3190,228.5892,-0.3218,0.8972,0.3025,45.2523,1.0000,8.8153,9.0150,1.1848,7.5906,225.1819,234.3034,11504
244.0000,1349.9204,778.1763,228.8784,-0.3207,0.8976,0.3024,32.1781,1.0000,9.3437,8.6583,1.2755,6.4008,225.3525,234.1591,11816
245.0000,1349.6140,779.0320,229.1655,-0.3228,0.8978,0.2994,27.0254,1.0000,9.3952,6.8793,1.4758,5.8660,226.6795,234.2417,11083
246.0000,1349.3049,779.8852,229.4474,-0.3282,0.8979,0.2934,18.1241,1.0000,9.4410,6.9439,1.4598,4.8038,226.8200,233.9216,12341
247.0000,1348.9905,780.7346,229.7209,-0.3369,0.8976,0.2843,15.5328,1.0000,9.8414,6.8303,1.5251,4.4471,226.9096,234.0431,12266
248.0000,1348.6679,781.5793,229.9831,-0.3489,0.8968,0.2721,31.2909,1.0000,10.2471,6.5540,1.7265,6.3120,227.3025,234.1338,10232
249.0000,1348.3344,782.4181,230.2308,-0.3642,0.8953,0.2565,27.5197,1.0000,10.5972,6.6876,1.8599,5.9194,227.2952,234.0428,9256
250.0000,1347.9873,783.2501,230.4608,-0.3827,0.8929,0.2374,33.3832,1.0000,10.6867,6.8942,1.8689,6.5196,227.1248,234.0627,9585
251.0000,1347.6237,784.0740,230.6702,-0.4043,0.8890,0.2147,28.1153,1.0000,11.0210,7.0652,1.7822,5.9831,227.0336,234.3484,10311
252.0000,1347.2409,784.8888,230.8557,-0.4290,0.8835,0.1882,48.4529,1.0000,11.7493,7.6936,1.6998,7.8544,227.2058,234.9944,12435
253.0000,1346.8361,785.6935,231.0143,-0.4565,0.8756,0.1579,48.5489,1.0000,11.8996,7.7076,1.6708,7.8622,227.3991,235.2076,12983
254.0000,1346.4069,786.4870,231.1432,-0.4852,0.8654,0.1250,41.1724,1.0000,11.6241,7.6143,1.8262,7.2403,227.5067,235.3080,13288
255.0000,1345.9529,787.2692,231.2424,-0.5123,0.8538,0.0932,27.5707,1.0000,11.7876,7.3499,2.0740,5.9249,227.7166,235.2008,14190
256.0000,1345.4751,788.0405,231.3132,-0.5375,0.8409,0.0626,4.9650,1.0000,12.2150,7.2397,2.0552,2.5143,228.1895,232.1269,15099
257.0000,1344.9742,788.8010,231.3568,-0.5609,0.8272,0.0335,18.8795,1.0000,12.5329,7.4516,2.0135,4.9029,228.6483,236.2947,15660
258.0000,1344.4511,789.5510,231.3747,-0.5825,0.8128,0.0059,22.4884,1.0000,12.7234,7.6308,2.2199,5.3510,228.6642,236.5796,15212
259.0000,1343.9067,790.2909,231.3681,-0.6024,0.7979,-0.0200,19.3365,1.0000,12.9990,7.8199,2.3099,4.9618,228.5797,236.5784,14680
260.0000,1343.3417,791.0209,231.3383,-0.6207,0.7828,-0.0442,26.8755,1.0000,12.5979,7.7540,2.2131,5.8497,228.5598,236.4928,14426
261.0000,1342.7571,791.7413,231.2866,-0.6374,0.7676,-0.0667,14.9042,1.0000,12.1392,7.3774,2.0670,4.3562,228.6044,236.1529,15116
262.0000,1342.1536,792.4523,231.2143,-0.6527,0.7526,-0.0875,8.8690,1.0000,12.2076,7.1415,2.0807,3.3604,228.5992,235.6391,14930
263.0000,1341.5320,793.1543,231.1228,-0.6666,0.7378,-0.1065,35.5076,1.0000,12.2226,7.0104,1.9031,6.7238,228.5959,235.7186,14132
264.0000,1340.8933,793.8475,231.0133,-0.6793,0.7233,-0.1239,37.8181,1.0000,12.2539,6.7940,1.9369,6.9391,228.6245,235.6400,14096
265.0000,1340.2383,794.5321,230.8872,-0.6910,0.7093,-0.1397,30.1903,1.0000,12.1400,6.6020,2.0683,6.2000,228.4887,235.5036,13168
266.0000,1339.5678,795.2085,230.7457,-0.7016,0.6958,-0.1539,29.6368,1.0000,12.2394,6.1967,2.1206,6.1429,228.6570,234.9554,13067
267.0000,1338.8826,795.8769,230.5902,-0.7113,0.6828,-0.1666,15.2591,1.0000,12.1007,6.3392,2.1170,4.4078,228.3000,234.8244,13710
268.0000,1338.1836,796.5377,230.4219,-0.7202,0.6706,-0.1778,6.0136,1.0000,11.8353,6.7357,2.0147,2.7671,228.0206,231.7442,13482
269.0000,1337.4716,797.1910,230.2422,-0.7284,0.6589,-0.1876,24.5294,1.0000,11.3159,6.8292,1.8158,5.5885,227.8634,234.8038,14183
270.0000,1336.7474,797.8372,230.0524,-0.7360,0.6480,-0.1960,28.0364,1.0000,11.0173,6.8389,1.8501,5.9747,227.5437,234.5915,14247
271.0000,1336.0119,798.4765,229.8538,-0.7429,0.6378,-0.2032,15.7435,1.0000,10.6078,7.2981,1.6852,4.4772,226.9408,233.6392,15527
272.0000,1335.2660,799.1093,229.6476,-0.7494,0.6283,-0.2090,21.1073,1.0000,10.3612,7.5646,1.5712,5.1841,226.6112,234.3961,14334
273.0000,1334.5104,799.7357,229.4353,-0.7554,0.6195,-0.2137,23.1764,1.0000,10.2499,7.3980,1.6775,5.4322,226.5019,233.9740,12723
274.0000,1333.7461,800.3561,229.2181,-0.7609,0.6114,-0.2171,36.8494,1.0000,10.1865,6.9776,1.5774,6.8497,226.6765,233.9508,12392
275.0000,1332.9737,800.9707,228.9972,-0.7662,0.6041,-0.2194,41.6110,1.0000,10.5773,7.1227,1.5184,7.2788,226.4085,233.7883,11961
276.0000,1332.1943,801.5799,228.7741,-0.7710,0.5974,-0.2205,35.4801,1.0000,10.4076,7.5588,1.4092,6.7212,226.0117,233.7942,11941
277.0000,1331.4086,802.1838,228.5500,-0.7756,0.5915,-0.2204,32.6467,1.0000,9.9006,7.7778,1.2920,6.4473,225.4220,233.5222,14816
278.0000,1330.6174,802.7828,228.3263,-0.7799,0.5863,-0.2193,2.9755,1.0000,9.8420,7.8409,1.2635,1.9464,224.7996,229.0164,13581
279.0000,1329.8216,803.3772,228.1041,-0.7839,0.5818,-0.2170,4.1068,1.0000,9.7150,7.9504,1.2698,2.2867,224.3127,228.8336,13035
280.0000,1329.0221,803.9672,227.8849,-0.7876,0.5779,-0.2136,18.1922,1.0000,10.0644,8.4757,1.2437,4.8128,223.7426,232.3784,13392
281.0000,1328.2196,804.5530,227.6700,-0.7911,0.5748,-0.2091,35.4044,1.0000,9.3995,8.8959,1.2031,6.7140,223.2596,232.3416,12786
282.0000,1327.4150,805.1351,227.4606,-0.7944,0.5723,-0.2034,43.5644,1.0000,8.4594,9.2885,1.1842,7.4477,222.9435,232.3318,11777
283.0000,1326.6092,805.7136,227.2581,-0.7974,0.5705,-0.1965,47.0076,1.0000,7.6689,9.4562,1.2671,7.7364,222.6702,232.1765,11065
284.0000,1325.8029,806.2888,227.0637,-0.8002,0.5694,-0.1884,46.2763,1.0000,7.4166,9.3787,1.1788,7.6760,222.7053,232.0449,10123
285.0000,1324.9971,806.8610,226.8789,-0.8027,0.5689,-0.1791,42.1712,0.9861,6.9579,8.9122,1.1469,7.3276,222.9261,231.8719,9676
286.0000,1324.1926,807.4305,226.7048,-0.8048,0.5691,-0.1685,42.2057,0.9861,7.0665,9.0751,1.1774,7.3306,222.4035,231.6069,8550
287.0000,1323.3901,807.9975,226.5427,-0.8067,0.5698,-0.1566,40.6572,1.0000,7.2740,8.9547,1.1994,7.1949,222.2266,231.3022,8664
288.0000,1322.5906,808.5624,226.3941,-0.8082,0.5712,-0.1433,39.7278,1.0000,7.3626,9.1571,1.1495,7.1122,221.9436,231.1606,7818
289.0000,1321.7948,809.1253,226.2602,-0.8093,0.5732,-0.1286,41.8914,1.0000,7.4224,8.8186,1.0844,7.3033,221.6918,231.0291,7475
290.0000,1321.0037,809.6867,226.1423,-0.8099,0.5758,-0.1124,42.0992,1.0000,7.5051,9.0265,1.1026,7.3214,221.8800,231.0545,8519
291.0000,1320.2179,810.2467,226.0417,-0.8099,0.5789,-0.0947,45.2956,1.0000,7.9540,8.8403,1.0396,7.5942,222.0187,230.9832,9840
292.0000,1319.4385,810.8056,225.9597,-0.8093,0.5825,-0.0753,49.7580,1.0000,8.4542,8.8094,1.0547,7.9595,222.0105,230.9183,10036
293.0000,1318.6662,811.3637,225.8976,-0.8081,0.5865,-0.0545,49.8879,1.0000,8.6832,9.1091,1.0597,7.9699,221.7796,231.0543,11220
294.0000,1317.9014,811.9211,225.8555,-0.8065,0.5902,-0.0345,48.7217,1.0000,8.6435,9.3894,1.0941,7.8762,221.5625,231.0571,12638
295.0000,1317.1438,812.4777,225.8318,-0.8048,0.5934,-0.0161,47.3064,1.0000,8.5507,9.5902,1.1144,7.7610,221.3756,231.0950,13383
296.0000,1316.3929,813.0332,225.8248,-0.8029,0.5961,0.0008,37.2774,1.0000,8.3574,9.6479,1.1128,6.8893,221.2785,231.1735,14080
297.0000,1315.6485,813.5876,225.8327,-0.8011,0.5983,0.0160,52.7911,1.0000,8.3435,9.6851,1.1214,8.1985,221.2315,231.0930,12232
298.0000,1314.9102,814.1405,225.8539,-0.7993,0.6002,0.0295,58.4110,1.0000,8.2793,9.7579,1.0402,8.6239,221.2299,231.1129,11002
299.0000,1314.1776,814.6920,225.8865,-0.7976,0.6017,0.0413,59.2999,1.0000,8.1237,10.3251,1.0699,8.6892,220.8944,231.3350,10365
300.0000,1313.4504,815.2417,225.9289,-0.7961,0.6029,0.0513,58.9110,1.0000,7.8713,10.3968,1.1311,8.6607,220.9296,231.4337,10943
301.0000,1312.7282,815.7895,225.9793,-0.7949,0.6039,0.0595,57.0213,1.0000,7.7697,10.2075,1.1730,8.5207,221.1802,231.4862,11681
302.0000,1312.0107,816.3352,226.0361,-0.7939,0.6045,0.0658,58.3327,1.0000,8.0100,10.8081,1.1984,8.6181,221.2190,232.1993,12103
303.0000,1311.2975,816.8788,226.0974,-0.7932,0.6049,0.0703,60.2148,1.0000,8.5271,11.4383,1.2361,8.7560,221.8912,233.5704,13461
304.0000,1310.5882,817.4199,226.1616,-0.7929,0.6050,0.0729,63.1543,1.0000,9.2182,11.6895,1.2451,8.9672,221.8056,233.6640,14833
305.0000,1309.8825,817.9584,226.2269,-0.7929,0.6050,0.0735,67.5333,1.0000,9.5395,11.4876,1.1318,9.2729,222.0477,233.7292,15476
306.0000,1309.1800,818.4942,226.2916,-0.7932,0.6046,0.0722,72.1049,1.0000,9.6064,10.8532,1.0709,9.5816,222.7251,233.7115,14303
307.0000,1308.4804,819.0270,226.3539,-0.7939,0.6041,0.0689,73.5174,1.0000,9.9784,10.6053,1.0291,9.6750,222.8674,233.6767,13742
308.0000,1307.7833,819.5568,226.4123,-0.7950,0.6033,0.0636,73.7132,1.0000,10.4897,10.4449,1.0718,9.6879,222.9119,233.5480,12982
309.0000,1307.0884,820.0833,226.4648,-0.7964,0.6022,0.0563,73.2473,1.0000,10.6157,10.1402,1.0807,9.6572,222.9863,233.4027,14206
310.0000,1306.3952,820.6063,226.5098,-0.7980,0.6008,0.0469,69.9024,1.0000,10.2215,9.8256,1.1348,9.4341,223.0924,233.2577,15054
311.0000,1305.7034,821.1258,226.5456,-0.7999,0.5990,0.0354,68.4731,1.0000,10.0528,9.5635,1.2043,9.3372,223.5791,233.3482,14906
312.0000,1305.0128,821.6410,226.5706,-0.8029,0.5957,0.0226,62.7004,0.9861,9.7279,9.4764,1.1546,8.9349,223.6560,233.3409,14384
313.0000,1304.3226,822.1483,226.5847,-0.8089,0.5879,0.0105,63.5560,1.0000,9.3818,9.5254,1.1794,8.9957,223.5708,233.2326,13344
314.0000,1303.6324,822.6423,226.5887,-0.8180,0.5752,-0.0011,61.9269,1.0000,9.7952,9.6508,1.2143,8.8796,223.4555,233.2838,13535
315.0000,1302.9416,823.1174,226.5831,-0.8303,0.5572,-0.0120,58.2587,1.0000,9.6726,9.6685,1.1907,8.6126,223.3260,233.1555,13709
316.0000,1302.2496,823.5683,226.5688,-0.8456,0.5333,-0.0225,53.6571,1.0000,8.9440,9.8225,1.2051,8.2655,222.9315,233.0245,11771
317.0000,1301.5558,823.9895,226.5464,-0.8638,0.5028,-0.0326,51.5570,1.0000,9.0701,8.7776,1.2691,8.1021,222.7430,231.8293,10378
318.0000,1300.8596,824.3755,226.5167,-0.8844,0.4648,-0.0422,51.0466,1.0000,9.0424,8.6871,1.2799,8.0619,222.6536,231.4275,9913
319.0000,1300.1604,824.7209,226.4802,-0.9068,0.4183,-0.0512,49.6807,1.0000,8.8594,8.7000,1.3450,7.9533,222.5206,231.3445,9709
320.0000,1299.4577,825.0203,226.4377,-0.9301,0.3624,-0.0597,47.3988,0.9861,8.6589,8.7502,1.4081,7.7685,222.4758,231.4382,9670
321.0000,1298.7509,825.2682,226.3899,-0.9528,0.2961,-0.0675,44.0649,0.9722,8.2114,8.8240,1.4130,7.4903,222.5007,231.9323,9466
322.0000,1298.0393,825.4592,226.3375,-0.9728,0.2194,-0.0741,47.3986,1.0000,7.8143,9.0499,1.4615,7.7685,222.5765,231.9784,8826
323.0000,1297.3230,825.5917,226.2822,-0.9866,0.1442,-0.0763,47.5819,1.0000,7.4351,9.2653,1.4173,7.7835,222.6393,232.1195,8071
324.0000,1296.6032,825.6714,226.2276,-0.9944,0.0767,-0.0729,46.8329,1.0000,6.4116,9.3596,1.4243,7.7220,222.5399,232.1141,7792
325.0000,1295.8811,825.7052,226.1777,-0.9978,0.0180,-0.0639,44.8070,1.0000,6.1767,9.3978,1.4852,7.5532,222.5345,232.0657,7923
326.0000,1295.1580,825.6998,226.1364,-0.9983,-0.0315,-0.0494,42.8182,1.0000,6.0659,9.1817,1.4116,7.3836,222.5754,232.0311,7828
327.0000,1294.4352,825.6618,226.1075,-0.9970,-0.0718,-0.0295,33.2357,1.0000,6.0769,8.8684,1.3639,6.5051,222.6615,231.8951,7459
328.0000,1293.7140,825.5980,226.0949,-0.9947,-0.1029,-0.0043,35.0338,0.9583,6.2934,9.4987,1.4026,6.6788,222.3276,232.0890,7637
329.0000,1292.9958,825.5151,226.1026,-0.9918,-0.1248,0.0265,32.1893,0.9722,6.5713,9.6681,1.4170,6.4019,222.2871,232.1807,6759
330.0000,1292.2817,825.4199,226.1344,-0.9885,-0.1378,0.0628,36.7802,0.9722,6.8302,9.8230,1.4518,6.8432,222.2476,232.2038,6082
331.0000,1291.5731,825.3190,226.1943,-0.9844,-0.1416,0.1049,39.3920,0.9583,7.0802,9.8305,1.4987,7.0820,222.2557,232.2737,6125
332.0000,1290.8711,825.2188,226.2856,-0.9790,-0.1380,0.1500,41.0816,0.9444,7.1250,9.9482,1.4930,7.2323,222.3487,232.3485,5447
333.0000,1290.1756,825.1226,226.4074,-0.9727,-0.1315,0.1912,42.2808,0.7917,7.5599,10.0634,1.5442,7.3371,222.3308,232.4353,5008
334.0000,1289.4857,825.0321,226.5568,-0.9659,-0.1224,0.2281,42.9697,0.8194,7.7044,10.1017,1.5301,7.3967,222.4066,232.5918,4764
335.0000,1288.8006,824.9491,226.7310,-0.9591,-0.1106,0.2606,43.1224,0.7917,7.8004,10.2698,1.6486,7.4098,222.5727,232.7263,4548
336.0000,1288.1195,824.8752,226.9270,-0.9526,-0.0962,0.2888,42.8488,0.7778,7.7015,10.5278,1.8916,7.3863,222.5658,232.8444,4308
337.0000,1287.4417,824.8124,227.1419,-0.9466,-0.0794,0.3126,45.8953,0.8889,8.0137,10.5141,2.0317,7.6443,222.5995,233.0609,4078
338.0000,1286.7662,824.7623,227.3729,-0.9413,-0.0602,0.3321,38.3121,0.8472,8.0727,10.5743,1.9564,6.9843,222.8214,233.3100,4323
339.0000,1286.0924,824.7267,227.6168,-0.9370,-0.0386,0.3473,31.1246,0.9306,8.1203,10.6508,1.8731,6.2952,222.9659,233.2112,5124
340.0000,1285.4193,824.7074,227.8710,-0.9335,-0.0147,0.3583,40.2466,0.9583,8.0474,10.5576,2.0494,7.1585,223.0917,233.6967,5906
341.0000,1284.7462,824.7061,228.1324,-0.9309,0.0114,0.3651,46.8488,0.9167,7.7465,10.2972,2.1128,7.7233,223.4305,233.6983,6363
342.0000,1284.0723,824.7245,228.3982,-0.9291,0.0398,0.3677,43.3426,0.8750,7.4098,9.8415,1.8814,7.4287,223.6845,233.6037,6133
343.0000,1283.3968,824.7645,228.6654,-0.9279,0.0704,0.3661,39.4693,0.8611,7.0253,9.2945,1.7765,7.0890,224.2850,233.5371,4773
344.0000,1282.7189,824.8277,228.9312,-0.9271,0.1030,0.3603,40.2831,0.9028,6.5520,9.1701,1.8267,7.1617,224.5077,233.5705,4238
345.0000,1282.0377,824.9160,229.1925,-0.9265,0.1375,0.3502,37.0751,0.8472,6.2549,9.0481,1.8503,6.8706,224.7311,233.7337,4492
346.0000,1281.3525,825.0311,229.4465,-0.9257,0.1738,0.3358,35.4549,0.8611,6.2933,8.6959,1.7744,6.7188,224.8915,233.6758,4353
347.0000,1280.6624,825.1747,229.6904,-0.9245,0.2115,0.3173,35.9348,0.9306,6.6125,8.4135,1.5696,6.7641,225.1590,233.7059,4453
348.0000,1279.9667,825.3486,229.9211,-0.9223,0.2503,0.2945,32.6722,0.9028,6.7342,8.2377,1.4231,6.4498,225.5167,233.7625,3815
349.0000,1279.2645,825.5546,230.1357,-0.9188,0.2898,0.2678,29.3131,0.8194,6.8631,7.8893,1.2070,6.1092,225.6262,233.5982,3087
350.0000,1278.5550,825.7944,230.3315,-0.9138,0.3296,0.2373,27.0592,0.8056,7.0337,7.3383,1.1341,5.8697,225.8158,233.0994,2541
351.0000,1277.8374,826.0698,230.5053,-0.9069,0.3690,0.2035,25.9371,0.8194,6.4549,7.2906,1.3659,5.7467,225.8943,233.1723,2091
352.0000,1277.1110,826.3825,230.6544,-0.8978,0.4076,0.1667,22.9986,0.7639,6.3651,7.3834,1.6240,5.4113,225.9028,233.4770,2079
353.0000,1276.3749,826.7343,230.7758,-0.8865,0.4448,0.1275,16.6743,0.6944,5.8733,7.1839,3.1777,4.6076,225.9905,233.3117,2302
354.0000,1275.6283,827.1269,230.8666,-0.8729,0.4801,0.0865,5.0927,0.8889,6.0244,6.7713,2.7834,2.5464,226.0737,232.4736,2873
355.0000,1274.8703,827.5621,230.9239,-0.8572,0.5130,0.0444,5.3093,0.8056,5.2135,6.1136,2.5358,2.6000,226.3362,232.4721,2755
356.0000,1274.1003,828.0417,230.9447,-0.8396,0.5433,0.0018,7.7305,0.8333,4.2563,5.2448,2.7879,3.1373,227.0981,232.2585,2003
