s,x,y,z_ceil_flight1,z_ceil_flight2,dz
0.0000,1374.0513,582.9380,166.3236,166.3048,0.0188
1.0000,1374.3647,583.8561,166.5979,166.7039,-0.1059
2.0000,1374.6606,584.7831,166.7197,166.9282,-0.2085
3.0000,1374.9375,585.7192,166.7073,166.9521,-0.2448
4.0000,1375.1933,586.6647,166.6619,166.8435,-0.1816
5.0000,1375.4263,587.6194,166.6280,166.8178,-0.1899
6.0000,1375.6342,588.5833,166.3441,166.8076,-0.4635
7.0000,1375.8148,589.5560,165.2826,165.9474,-0.6648
8.0000,1375.9658,590.5367,165.2119,165.5537,-0.3418
9.0000,1376.0851,591.5246,164.4750,164.7587,-0.2837
10.0000,1376.1707,592.5183,164.3573,164.5028,-0.1455
11.0000,1376.2212,593.5160,164.5274,164.5057,0.0218
12.0000,1376.2357,594.5157,164.6098,164.4416,0.1682
13.0000,1376.2146,595.5153,164.6712,164.4358,0.2353
14.0000,1376.1592,596.5125,164.6453,164.4369,0.2084
15.0000,1376.0725,597.5055,164.6609,164.3729,0.2880
16.0000,1375.9587,598.4933,165.2653,165.1880,0.0773
17.0000,1375.8233,599.4753,165.8140,165.8067,0.0073
18.0000,1375.6732,600.4521,166.6735,166.6965,-0.0230
19.0000,1375.5160,601.4250,167.0987,167.0573,0.0414
20.0000,1375.3598,602.3961,167.6403,167.6827,-0.0423
21.0000,1375.2131,603.3676,167.8884,167.8492,0.0392
22.0000,1375.0843,604.3415,168.0776,168.0381,0.0395
23.0000,1374.9813,605.3194,168.1931,168.2509,-0.0578
24.0000,1374.9110,606.3022,168.3967,168.3541,0.0426
25.0000,1374.8768,607.2893,168.5860,168.4707,0.1153
26.0000,1374.8755,608.2790,168.8185,168.5641,0.2544
27.0000,1374.9036,609.2701,169.2519,168.9735,0.2785
28.0000,1374.9581,610.2616,169.9711,170.0844,-0.1133
29.0000,1375.0363,611.2529,169.9681,170.0938,-0.1257
30.0000,1375.1358,612.2433,169.9741,170.1011,-0.1270
31.0000,1375.2545,613.2325,169.9751,170.1066,-0.1315
32.0000,1375.3903,614.2204,169.9366,170.0880,-0.1514
33.0000,1375.5416,615.2066,169.0640,169.3172,-0.2532
34.0000,1375.7068,616.1912,169.6728,169.8802,-0.2074
35.0000,1375.8845,617.1742,169.6360,169.8893,-0.2533
36.0000,1376.0733,618.1554,169.5836,169.8802,-0.2966
37.0000,1376.2721,619.1349,169.5685,169.8023,-0.2338
38.0000,1376.4796,620.1129,169.5111,169.5684,-0.0573
39.0000,1376.6947,621.0894,169.0632,168.9865,0.0767
40.0000,1376.9165,622.0645,169.0885,168.7497,0.3388
41.0000,1377.1439,623.0383,169.3583,168.7785,0.5798
42.0000,1377.3765,624.0107,169.3914,168.8685,0.5229
43.0000,1377.6144,624.9819,169.5203,168.8748,0.6455
44.0000,1377.8573,625.9516,169.5417,168.8703,0.6715
45.0000,1378.1053,626.9198,169.5173,168.8464,0.6709
46.0000,1378.3582,627.8866,169.5143,168.8539,0.6604
47.0000,1378.6160,628.8519,169.4094,168.8665,0.5429
48.0000,1378.8785,629.8158,169.2322,169.1478,0.0844
49.0000,1379.1456,630.7782,169.3181,169.2428,0.0754
50.0000,1379.4173,631.7392,169.8742,169.2197,0.6545
51.0000,1379.6934,632.6988,170.1821,169.9988,0.1833
52.0000,1379.9738,633.6571,170.2237,170.1286,0.0951
53.0000,1380.2584,634.6142,170.2266,170.1173,0.1093
54.0000,1380.5471,635.5702,170.2242,169.9967,0.2275
55.0000,1380.8397,636.5250,170.2751,169.8990,0.3761
56.0000,1381.1360,637.4788,170.8796,170.0848,0.7948
57.0000,1381.4360,638.4317,170.9038,170.0861,0.8177
58.0000,1381.7395,639.3836,170.9388,170.0763,0.8624
59.0000,1382.0463,640.3348,170.8779,170.0238,0.8541
60.0000,1382.3561,641.2852,170.7211,169.6249,1.0962
61.0000,1382.6689,642.2348,170.6610,169.5431,1.1179
62.0000,1382.9843,643.1837,170.4431,169.1976,1.2455
63.0000,1383.3022,644.1318,169.4609,168.9161,0.5448
64.0000,1383.6223,645.0791,168.5771,168.9160,-0.3389
65.0000,1383.9443,646.0255,168.6018,168.9148,-0.3131
66.0000,1384.2678,646.9709,168.6230,168.9109,-0.2879
67.0000,1384.5926,647.9151,168.6916,168.8284,-0.1368
68.0000,1384.9184,648.8579,168.7242,168.8020,-0.0778
69.0000,1385.2446,649.7989,168.7237,168.7237,-0.0000
70.0000,1385.5710,650.7380,168.7282,168.7116,0.0166
71.0000,1385.8971,651.6746,168.9473,168.7107,0.2366
72.0000,1386.2223,652.6083,169.1965,168.8909,0.3056
73.0000,1386.5462,653.5387,170.0086,169.4190,0.5897
74.0000,1386.8657,654.4668,170.0744,169.8672,0.2072
75.0000,1387.1766,655.3945,170.0760,169.8678,0.2082
76.0000,1387.4743,656.3238,170.1507,169.8873,0.2634
77.0000,1387.7545,657.2567,170.1878,169.9061,0.2818
78.0000,1388.0123,658.1952,170.3562,170.1485,0.2077
79.0000,1388.2427,659.1409,170.3844,170.1929,0.1914
80.0000,1388.4404,660.0952,170.3846,170.1971,0.1875
81.0000,1388.5996,661.0589,170.4170,170.2030,0.2139
82.0000,1388.7145,662.0320,170.4320,170.2367,0.1953
83.0000,1388.7792,663.0137,170.4857,170.2754,0.2103
84.0000,1388.7883,664.0017,170.9912,170.5016,0.4895
85.0000,1388.7370,664.9927,171.0775,170.7414,0.3361
86.0000,1388.6220,665.9820,171.1688,170.8294,0.3394
87.0000,1388.4427,666.9644,171.2997,170.8827,0.4170
88.0000,1388.2057,667.9356,171.2832,170.9209,0.3623
89.0000,1387.9202,668.8937,171.1205,170.8714,0.2491
90.0000,1387.5942,669.8378,171.3182,171.1282,0.1900
91.0000,1387.2349,670.7684,171.6539,171.5604,0.0935
92.0000,1386.8482,671.6863,171.9695,171.5418,0.4276
93.0000,1386.4395,672.5927,171.8241,171.4750,0.3491
94.0000,1386.0129,673.4890,171.7155,171.3492,0.3663
95.0000,1385.5723,674.3768,171.7323,171.1644,0.5679
96.0000,1385.1208,675.2574,171.7810,171.3841,0.3969
97.0000,1384.6611,676.1324,171.9435,171.5386,0.4049
98.0000,1384.1959,677.0030,171.9424,171.5902,0.3522
99.0000,1383.7271,677.8707,171.8680,171.5662,0.3018
100.0000,1383.2569,678.7367,171.7715,171.5195,0.2520
101.0000,1382.7870,679.6020,170.2787,170.0819,0.1967
102.0000,1382.3192,680.4680,170.1043,169.9126,0.1918
103.0000,1381.8551,681.3356,169.4539,169.1881,0.2658
104.0000,1381.3959,682.2055,169.1891,168.9908,0.1982
105.0000,1380.9412,683.0776,169.0795,168.9300,0.1495
106.0000,1380.4904,683.9518,169.0646,168.8806,0.1840
107.0000,1380.0430,684.8279,169.0449,168.8622,0.1827
108.0000,1379.5987,685.7056,169.0408,168.7699,0.2709
109.0000,1379.1568,686.5849,168.9867,168.6803,0.3064
110.0000,1378.7170,687.4655,168.8727,168.6230,0.2497
111.0000,1378.2788,688.3474,168.5603,168.5175,0.0427
112.0000,1377.8417,689.2303,168.2136,168.1504,0.0632
113.0000,1377.4054,690.1142,167.9491,167.8612,0.0879
114.0000,1376.9694,690.9989,167.9433,167.8428,0.1005
115.0000,1376.5332,691.8843,167.9360,167.8073,0.1287
116.0000,1376.0964,692.7702,167.9131,167.7871,0.1260
117.0000,1375.6586,693.6564,167.8522,167.7186,0.1335
118.0000,1375.2193,694.5429,167.7380,167.6758,0.0622
119.0000,1374.7780,695.4294,167.7008,167.6433,0.0575
120.0000,1374.3342,696.3156,167.5993,167.5690,0.0303
121.0000,1373.8875,697.2015,166.9150,166.9005,0.0145
122.0000,1373.4372,698.0868,166.8129,166.8094,0.0035
123.0000,1372.9829,698.9711,166.7389,166.7508,-0.0119
124.0000,1372.5248,699.8546,166.7960,166.7773,0.0187
125.0000,1372.0642,700.7377,167.0577,166.8250,0.2328
126.0000,1371.6021,701.6208,167.0919,166.8638,0.2280
127.0000,1371.1398,702.5047,167.0999,166.8831,0.2168
128.0000,1370.6785,703.3897,167.1512,166.8831,0.2681
129.0000,1370.2197,704.2765,166.9012,166.8774,0.0238
130.0000,1369.7647,705.1656,166.9615,166.8780,0.0835
131.0000,1369.3151,706.0579,167.1670,166.8857,0.2812
132.0000,1368.8722,706.9538,167.2145,166.8982,0.3164
133.0000,1368.4378,707.8540,167.2347,166.9835,0.2512
134.0000,1368.0133,708.7591,167.2595,167.0611,0.1985
135.0000,1367.6006,709.6697,167.3005,167.1564,0.1441
136.0000,1367.2012,710.5864,167.3617,167.1945,0.1671
137.0000,1366.8169,711.5095,167.3618,167.1950,0.1669
138.0000,1366.4493,712.4394,167.1969,167.1950,0.0019
139.0000,1366.1002,713.3765,167.1166,167.1541,-0.0376
140.0000,1365.7712,714.3208,166.9026,166.8226,0.0800
141.0000,1365.4631,715.2721,166.7424,166.7932,-0.0508
142.0000,1365.1763,716.2300,166.6747,166.7976,-0.1230
143.0000,1364.9111,717.1942,166.6736,166.7879,-0.1144
144.0000,1364.6681,718.1642,166.6795,166.7810,-0.1015
145.0000,1364.4478,719.1396,166.6969,166.7535,-0.0565
146.0000,1364.2507,720.1200,166.7219,166.7946,-0.0727
147.0000,1364.0775,721.1048,166.7387,166.7946,-0.0559
148.0000,1363.9288,722.0936,166.7241,166.7776,-0.0535
149.0000,1363.8053,723.0859,166.7008,166.7307,-0.0299
150.0000,1363.7078,724.0809,166.4997,166.5497,-0.0501
151.0000,1363.6372,725.0782,166.4707,166.5305,-0.0598
152.0000,1363.5943,726.0770,166.4752,166.5548,-0.0796
153.0000,1363.5800,727.0764,166.4955,166.5716,-0.0760
154.0000,1363.5953,728.0757,166.5300,166.6216,-0.0916
155.0000,1363.6412,729.0739,166.7547,166.7434,0.0114
156.0000,1363.7188,730.0699,166.7813,166.8607,-0.0794
157.0000,1363.8290,731.0626,166.8993,166.9431,-0.0438
158.0000,1363.9727,732.0506,167.0171,167.0617,-0.0445
159.0000,1364.1480,733.0332,167.0619,167.0866,-0.0247
160.0000,1364.3482,734.0109,167.1481,167.1708,-0.0227
161.0000,1364.5667,734.9845,167.3003,167.3480,-0.0478
162.0000,1364.7966,735.9555,167.4971,167.4992,-0.0021
163.0000,1365.0311,736.9256,167.5094,167.5107,-0.0013
164.0000,1365.2631,737.8966,167.5281,167.5227,0.0053
165.0000,1365.4854,738.8703,167.5396,167.5235,0.0161
166.0000,1365.6905,739.8481,167.4841,167.4847,-0.0005
167.0000,1365.8705,740.8313,167.9576,167.6285,0.3291
168.0000,1366.0173,741.8202,168.1843,168.1025,0.0818
169.0000,1366.1226,742.8146,168.2696,168.1267,0.1429
170.0000,1366.1782,743.8127,168.3048,168.1331,0.1717
171.0000,1366.1766,744.8117,168.2207,168.1319,0.0888
172.0000,1366.1115,745.8074,167.9774,167.9946,-0.0172
173.0000,1365.9786,746.7946,167.8884,167.9572,-0.0688
174.0000,1365.7759,747.7675,167.5503,167.5058,0.0445
175.0000,1365.5065,748.7215,167.3261,167.3720,-0.0459
176.0000,1365.1809,749.6556,167.2762,167.2722,0.0040
177.0000,1364.8098,750.5709,167.0792,167.1224,-0.0432
178.0000,1364.4016,751.4694,166.8598,166.9524,-0.0926
179.0000,1363.9631,752.3533,166.7359,166.6766,0.0592
180.0000,1363.5001,753.2249,166.4373,166.4624,-0.0250
181.0000,1363.0172,754.0864,166.3119,166.4154,-0.1035
182.0000,1362.5184,754.9400,166.2605,166.3455,-0.0849
183.0000,1362.0070,755.7878,166.1968,166.2412,-0.0445
184.0000,1361.4862,756.6316,166.0780,166.1614,-0.0833
185.0000,1360.9587,757.4733,165.9690,166.0459,-0.0769
186.0000,1360.4271,758.3144,165.7114,165.7935,-0.0821
187.0000,1359.8942,759.1567,165.6477,165.7264,-0.0787
188.0000,1359.3625,760.0015,165.5930,165.4400,0.1530
189.0000,1358.8347,760.8501,166.0199,165.1424,0.8774
190.0000,1358.3139,761.7036,166.0232,165.0890,0.9343
191.0000,1357.8032,762.5631,165.0860,165.1016,-0.0157
192.0000,1357.3055,763.4288,166.7326,165.1010,1.6316
193.0000,1356.8213,764.2996,166.7357,164.9955,1.7402
194.0000,1356.3501,765.1744,166.7375,164.9339,1.8036
195.0000,1355.8916,766.0520,166.7398,164.9027,1.8371
196.0000,1355.4450,766.9316,166.8640,164.9889,1.8752
197.0000,1355.0095,767.8125,166.0051,165.4373,0.5678
198.0000,1354.5842,768.6942,166.4819,165.9753,0.5065
199.0000,1354.1681,769.5762,166.8473,166.1327,0.7146
200.0000,1353.7601,770.4583,166.8886,166.1615,0.7270
201.0000,1353.3591,771.3405,166.7981,166.1359,0.6622
202.0000,1352.9638,772.2226,166.9405,166.8682,0.0723
203.0000,1352.5730,773.1047,167.3229,167.4600,-0.1371
204.0000,1352.1854,773.9870,167.5198,167.5715,-0.0518
205.0000,1351.7997,774.8696,167.5295,167.6337,-0.1042
206.0000,1351.4146,775.7527,167.5464,167.6570,-0.1106
207.0000,1351.0287,776.6364,167.5479,167.6579,-0.1100
208.0000,1350.6408,777.5210,167.5393,167.6278,-0.0885
209.0000,1350.2493,778.4064,167.5288,167.6165,-0.0877
210.0000,1349.8530,779.2929,167.3847,167.5544,-0.1697
211.0000,1349.4505,780.1802,167.6051,167.7723,-0.1672
212.0000,1349.0403,781.0682,167.6486,167.7786,-0.1300
213.0000,1348.6212,781.9566,168.0109,168.0174,-0.0066
214.0000,1348.1921,782.8448,168.9220,168.9958,-0.0739
215.0000,1347.7523,783.7318,169.2671,169.0536,0.2135
216.0000,1347.3018,784.6168,169.2675,169.1758,0.0917
217.0000,1346.8401,785.4988,169.2688,169.2152,0.0535
218.0000,1346.3671,786.3768,169.5181,169.4963,0.0218
219.0000,1345.8825,787.2500,169.9378,170.0328,-0.0950
220.0000,1345.3860,788.1175,170.2046,170.2465,-0.0419
221.0000,1344.8775,788.9785,170.3954,170.4427,-0.0474
222.0000,1344.3568,789.8321,170.4306,170.4427,-0.0121
223.0000,1343.8235,790.6776,170.4306,170.4502,-0.0196
224.0000,1343.2775,791.5143,170.4132,170.4423,-0.0291
225.0000,1342.7187,792.3413,170.3532,170.2395,0.1137
226.0000,1342.1467,793.1582,170.2377,169.9955,0.2422
227.0000,1341.5616,793.9641,170.0208,169.8101,0.2107
228.0000,1340.9630,794.7584,169.9202,169.6361,0.2841
229.0000,1340.3509,795.5406,169.6250,169.4456,0.1794
230.0000,1339.7251,796.3101,169.2937,169.1019,0.1918
231.0000,1339.0856,797.0664,169.2140,168.8577,0.3563
232.0000,1338.4323,797.8088,168.7818,168.7266,0.0552
233.0000,1337.7652,798.5370,168.7242,168.6738,0.0504
234.0000,1337.0841,799.2504,168.6934,168.6637,0.0297
235.0000,1336.3891,799.9486,168.6528,168.4999,0.1528
236.0000,1335.6803,800.6312,167.9128,167.7296,0.1832
237.0000,1334.9576,801.2978,167.6652,167.6059,0.0593
238.0000,1334.2212,801.9479,167.7135,167.6059,0.1076
239.0000,1333.4712,802.5813,167.7146,167.5930,0.1216
240.0000,1332.7077,803.1976,167.5632,167.5758,-0.0126
241.0000,1331.9309,803.7966,167.4646,167.4781,-0.0135
242.0000,1331.1410,804.3778,167.3403,167.3518,-0.0115
243.0000,1330.3383,804.9412,167.2234,166.8693,0.3541
244.0000,1329.5230,805.4865,166.5261,166.5446,-0.0184
245.0000,1328.6963,806.0148,166.2459,166.0637,0.1822
246.0000,1327.8598,806.5283,166.0930,166.0301,0.0629
247.0000,1327.0151,807.0292,166.0677,165.9715,0.0962
248.0000,1326.1635,807.5195,165.9822,165.9000,0.0822
249.0000,1325.3062,808.0015,165.9010,165.7944,0.1066
250.0000,1324.4445,808.4771,165.5394,165.4988,0.0407
251.0000,1323.5794,808.9483,165.1875,165.2483,-0.0608
252.0000,1322.7118,809.4172,164.9996,165.0161,-0.0165
253.0000,1321.8429,809.8858,165.0217,164.9993,0.0224
254.0000,1320.9736,810.3560,165.0477,164.9915,0.0562
255.0000,1320.1050,810.8300,165.1086,165.0145,0.0940
256.0000,1319.2382,811.3098,165.2903,165.0197,0.2706
257.0000,1318.3745,811.7978,165.3520,165.0134,0.3386
258.0000,1317.5153,812.2961,165.3366,164.9896,0.3470
259.0000,1316.6621,812.8072,165.2536,164.9878,0.2659
260.0000,1315.8167,813.3335,165.2049,165.0114,0.1935
261.0000,1314.9814,813.8778,165.4049,165.2915,0.1134
262.0000,1314.1586,814.4427,165.6402,165.4309,0.2094
263.0000,1313.3512,815.0311,166.0815,166.2632,-0.1817
264.0000,1312.5629,815.6457,167.3653,167.4022,-0.0369
265.0000,1311.7961,816.2875,167.4901,167.4457,0.0444
266.0000,1311.0488,816.9518,167.5807,167.4811,0.0997
267.0000,1310.3173,817.6329,167.5923,167.4812,0.1111
268.0000,1309.5971,818.3253,167.6026,167.4869,0.1158
269.0000,1308.8829,819.0232,167.6176,167.4255,0.1921
270.0000,1308.1688,819.7206,167.5681,167.1324,0.4357
271.0000,1307.4482,820.4108,167.4434,167.1292,0.3142
272.0000,1306.7139,821.0864,167.3669,167.1295,0.2374
273.0000,1305.9580,821.7382,167.2130,167.1304,0.0826
274.0000,1305.1728,822.3551,167.2242,167.1595,0.0646
275.0000,1304.3532,822.9263,167.2180,167.1527,0.0653
276.0000,1303.4979,823.4430,167.2031,167.1301,0.0730
277.0000,1302.6072,823.8960,167.1697,167.0915,0.0781
278.0000,1301.6835,824.2769,167.1119,167.0048,0.1071
279.0000,1300.7312,824.5789,166.6418,166.5185,0.1234
280.0000,1299.7568,824.7976,165.4350,165.2811,0.1539
281.0000,1298.7687,824.9380,165.6617,165.3364,0.3253
282.0000,1297.7741,825.0127,166.0160,165.4796,0.5364
283.0000,1296.7778,825.0338,165.9864,165.4945,0.4920
284.0000,1295.7825,825.0120,166.0212,165.4817,0.5395
285.0000,1294.7898,824.9568,166.0614,165.5573,0.5041
286.0000,1293.8004,824.8763,166.1289,165.5765,0.5524
287.0000,1292.8143,824.7778,166.2391,165.7262,0.5128
288.0000,1291.8315,824.6681,166.4892,165.8276,0.6616
289.0000,1290.8517,824.5533,166.6694,166.4057,0.2637
290.0000,1289.8749,824.4395,167.0248,167.0509,-0.0261
291.0000,1288.9009,824.3330,167.1679,167.2155,-0.0475
292.0000,1287.9300,824.2402,167.1874,167.2987,-0.1114
293.0000,1286.9626,824.1683,167.2139,167.3564,-0.1425
294.0000,1286.0001,824.1252,167.2482,167.3826,-0.1344
295.0000,1285.0448,824.1198,167.2671,167.4200,-0.1530
296.0000,1284.1003,824.1623,167.2870,167.4299,-0.1429
297.0000,1283.1724,824.2638,167.3561,167.5623,-0.2062
298.0000,1282.2692,824.4364,167.3951,167.5940,-0.1989
299.0000,1281.4019,824.6913,167.3991,167.6292,-0.2301
300.0000,1280.5843,825.0374,167.4108,167.6126,-0.2018
301.0000,1279.8306,825.4786,167.4332,167.5971,-0.1639
