s,z_dem_percellmax,z_dem_geotiff,tau_percellmax,tau_geotiff,class
0.0,168.440,168.292,1.843,1.695,intact
1.0,168.440,168.437,2.087,2.084,intact
2.0,168.580,168.185,1.514,1.119,intact
3.0,168.760,168.434,1.862,1.536,intact
4.0,169.060,169.035,2.372,2.347,intact
5.0,169.160,169.165,1.818,1.823,intact
6.0,169.200,168.886,3.421,3.107,intact
7.0,169.390,169.284,4.146,4.040,intact
8.0,169.590,169.525,6.213,6.148,intact
9.0,169.700,169.656,5.464,5.420,intact
10.0,169.750,169.699,8.163,8.112,intact
11.0,169.810,169.756,4.469,4.415,intact
12.0,169.860,169.763,4.892,4.795,intact
13.0,169.970,169.857,5.091,4.978,intact
14.0,170.170,170.087,5.419,5.336,intact
15.0,170.380,170.348,5.579,5.547,intact
16.0,170.320,170.277,5.695,5.652,intact
17.0,170.360,170.329,5.430,5.399,intact
18.0,170.410,170.360,4.349,4.299,intact
19.0,170.450,170.424,4.114,4.088,intact
20.0,170.500,170.441,3.241,3.182,intact
21.0,170.490,170.461,2.655,2.626,intact
22.0,170.500,170.460,2.156,2.116,intact
23.0,170.500,170.468,1.777,1.745,intact
24.0,170.500,170.462,1.738,1.700,intact
25.0,170.560,170.492,1.626,1.558,intact
26.0,170.590,170.490,1.618,1.518,intact
27.0,170.460,170.410,1.353,1.303,intact
28.0,170.490,170.444,1.480,1.433,intact
29.0,170.520,170.508,0.233,0.221,skylight
30.0,170.120,170.008,-0.143,-0.255,skylight
31.0,nan,169.934,nan,1.087,skylight
32.0,nan,169.875,nan,0.062,skylight
33.0,nan,169.841,nan,0.913,skylight
34.0,nan,170.010,nan,4.704,skylight
35.0,170.360,170.134,0.745,0.519,skylight
36.0,170.560,170.577,0.594,0.611,skylight
37.0,170.600,170.541,0.777,0.718,intact
38.0,170.540,170.504,1.567,1.531,intact
39.0,170.580,170.575,1.476,1.471,intact
40.0,170.560,170.524,1.565,1.529,intact
41.0,170.560,170.535,1.304,1.279,intact
42.0,170.620,170.517,1.065,0.962,intact
43.0,170.550,170.464,1.014,0.928,intact
44.0,170.560,170.521,0.839,0.800,intact
45.0,170.570,170.546,0.856,0.832,intact
46.0,170.520,170.475,0.992,0.947,intact
47.0,170.550,170.483,1.359,1.292,intact
48.0,170.580,170.505,1.435,1.360,intact
49.0,170.570,170.548,1.240,1.218,intact
50.0,170.550,170.499,0.404,0.353,intact
51.0,170.540,170.459,0.042,-0.039,intact
52.0,170.540,170.535,0.088,0.083,intact
53.0,170.620,170.498,0.223,0.101,intact
54.0,170.460,170.192,0.116,-0.152,skylight
55.0,170.240,170.114,-1.022,-1.148,skylight
56.0,170.250,170.004,-0.983,-1.229,skylight
57.0,170.480,170.207,-0.714,-0.987,inconsistent
58.0,170.620,170.525,-0.532,-0.627,inconsistent
59.0,170.680,170.627,-0.478,-0.531,inconsistent
60.0,170.720,170.644,-0.033,-0.109,inconsistent
61.0,170.790,170.720,0.259,0.189,intact
62.0,170.820,170.804,1.255,1.239,intact
63.0,170.790,170.771,2.429,2.410,intact
64.0,170.860,170.859,2.328,2.327,intact
65.0,170.860,170.789,2.217,2.146,intact
66.0,170.880,170.752,2.183,2.055,intact
67.0,170.930,170.884,2.197,2.151,intact
68.0,171.010,170.941,2.230,2.161,intact
69.0,171.100,171.091,1.563,1.554,intact
70.0,171.110,171.081,1.470,1.441,intact
71.0,171.250,171.162,2.315,2.227,intact
72.0,171.290,171.252,2.400,2.362,intact
73.0,171.310,171.294,2.099,2.084,intact
74.0,171.360,171.284,1.933,1.857,intact
75.0,171.450,171.409,1.821,1.780,intact
76.0,171.600,171.502,1.222,1.124,intact
77.0,171.730,171.633,1.228,1.131,intact
78.0,172.050,171.890,1.515,1.355,intact
79.0,172.060,172.104,1.373,1.417,intact
80.0,172.190,172.152,1.386,1.348,intact
81.0,172.340,172.248,1.603,1.511,intact
82.0,172.470,172.411,1.498,1.439,intact
83.0,172.630,172.588,1.931,1.888,intact
84.0,172.750,172.713,1.809,1.772,intact
85.0,172.790,172.768,1.805,1.783,intact
86.0,172.790,172.735,0.981,0.926,intact
87.0,172.790,172.726,1.038,0.974,intact
88.0,172.780,172.770,1.125,1.115,intact
89.0,172.840,172.792,0.266,0.218,skylight
90.0,172.820,172.765,0.288,0.233,skylight
91.0,172.850,172.756,0.169,0.075,skylight
92.0,172.770,172.683,0.182,0.095,skylight
93.0,172.650,172.567,0.487,0.405,skylight
94.0,172.550,172.514,0.719,0.683,skylight
95.0,172.540,172.521,1.108,1.089,skylight
96.0,172.540,172.486,0.236,0.182,skylight
97.0,172.510,172.487,0.155,0.132,skylight
98.0,172.540,172.525,0.344,0.329,skylight
99.0,172.590,172.476,0.710,0.596,skylight
100.0,172.600,172.518,0.454,0.372,intact
101.0,172.580,172.450,2.696,2.565,intact
102.0,172.540,172.411,3.148,3.019,intact
103.0,172.600,172.431,3.227,3.058,intact
104.0,172.500,172.394,3.172,3.066,intact
105.0,172.420,172.344,3.132,3.056,intact
106.0,172.340,172.212,3.098,2.970,intact
107.0,172.280,172.260,2.931,2.911,intact
108.0,172.090,172.054,3.122,3.086,intact
109.0,171.830,171.746,3.041,2.957,intact
110.0,171.780,171.734,3.333,3.287,intact
111.0,171.840,171.754,3.467,3.381,intact
112.0,171.870,171.856,3.457,3.444,intact
113.0,171.870,171.816,3.569,3.515,intact
114.0,171.800,171.693,3.533,3.426,intact
115.0,171.830,171.725,4.313,4.207,intact
116.0,171.950,171.897,4.070,4.017,intact
117.0,171.950,171.886,8.237,8.173,intact
118.0,171.870,171.834,8.342,8.306,intact
119.0,171.850,171.793,8.709,8.652,intact
120.0,171.810,171.792,4.896,4.878,intact
121.0,171.810,171.758,3.697,3.645,intact
122.0,171.810,171.830,4.781,4.801,intact
123.0,171.790,171.577,4.869,4.656,intact
124.0,171.780,171.716,5.284,5.220,intact
125.0,171.750,171.666,4.659,4.575,intact
126.0,171.790,171.705,4.384,4.299,intact
127.0,171.830,171.797,4.525,4.492,intact
128.0,171.820,171.718,4.698,4.596,intact
129.0,171.930,171.872,4.523,4.465,intact
130.0,171.960,171.961,4.620,4.621,intact
131.0,171.920,171.884,4.622,4.586,intact
132.0,172.020,171.878,4.678,4.536,intact
133.0,172.010,171.932,4.664,4.586,intact
134.0,172.220,172.091,4.774,4.645,intact
135.0,172.250,172.247,4.775,4.772,intact
136.0,172.250,172.092,4.784,4.626,intact
137.0,172.330,172.283,4.931,4.884,intact
138.0,172.370,172.238,5.136,5.004,intact
139.0,172.480,172.441,5.491,5.452,intact
140.0,172.530,172.517,5.619,5.606,intact
141.0,172.710,172.654,5.927,5.871,intact
142.0,172.700,172.684,5.161,5.146,intact
143.0,172.720,172.572,5.184,5.036,intact
144.0,172.750,172.733,6.002,5.985,intact
145.0,172.760,172.733,6.022,5.995,intact
146.0,172.760,172.687,5.774,5.701,intact
147.0,172.770,172.786,5.779,5.795,intact
148.0,172.820,172.740,5.939,5.859,intact
149.0,172.820,172.603,5.943,5.726,intact
150.0,172.860,172.824,6.214,6.178,intact
151.0,172.850,172.684,6.625,6.459,intact
152.0,172.860,172.807,6.262,6.209,intact
153.0,172.870,172.862,6.263,6.255,intact
154.0,172.910,172.891,6.430,6.411,intact
155.0,172.920,172.881,6.312,6.273,intact
156.0,173.000,172.912,6.155,6.067,intact
157.0,173.000,172.968,6.013,5.981,intact
158.0,173.030,172.998,5.844,5.812,intact
159.0,173.090,173.022,5.838,5.770,intact
160.0,173.050,173.010,5.879,5.839,intact
161.0,173.060,173.055,5.843,5.838,intact
162.0,173.070,173.039,5.787,5.756,intact
163.0,173.110,173.058,5.563,5.511,intact
164.0,173.130,173.073,5.436,5.379,intact
165.0,173.150,173.114,5.408,5.372,intact
166.0,173.230,173.192,5.630,5.592,intact
167.0,173.280,173.208,5.745,5.673,intact
168.0,173.370,173.327,5.568,5.525,intact
169.0,173.390,173.297,5.021,4.928,intact
170.0,173.460,173.370,4.951,4.861,intact
171.0,173.540,173.491,4.999,4.950,intact
172.0,173.660,173.654,5.574,5.568,intact
173.0,173.780,173.709,6.342,6.271,intact
174.0,173.750,173.711,6.392,6.353,intact
175.0,173.790,173.727,6.510,6.447,intact
176.0,173.820,173.755,6.799,6.734,intact
177.0,173.900,173.880,7.059,7.039,intact
178.0,173.900,173.709,7.310,7.119,intact
179.0,173.970,173.897,6.067,5.994,intact
180.0,174.060,174.025,7.056,7.021,intact
181.0,174.100,174.083,7.701,7.684,intact
182.0,174.150,174.114,7.907,7.871,intact
183.0,174.200,174.168,8.028,7.996,intact
184.0,174.290,174.245,8.394,8.349,intact
185.0,174.350,174.354,8.662,8.666,intact
186.0,174.430,174.352,8.869,8.791,intact
187.0,174.480,174.358,8.994,8.872,intact
188.0,174.630,174.584,7.125,7.079,intact
189.0,174.810,174.746,7.460,7.396,intact
190.0,174.880,174.808,8.639,8.567,intact
191.0,174.920,174.836,8.316,8.232,intact
192.0,174.980,174.967,9.837,9.824,intact
193.0,175.070,175.055,9.915,9.900,intact
194.0,175.120,175.058,8.386,8.324,intact
195.0,175.300,175.212,8.094,8.006,intact
196.0,175.460,175.417,8.493,8.450,intact
197.0,175.480,175.428,9.565,9.513,intact
198.0,175.540,175.493,9.486,9.439,intact
199.0,175.570,175.389,8.595,8.414,intact
200.0,175.570,175.447,8.937,8.814,intact
201.0,175.610,175.557,8.957,8.904,intact
202.0,175.580,175.536,8.219,8.175,intact
203.0,175.640,175.605,8.018,7.983,intact
204.0,175.670,175.523,8.307,8.160,intact
205.0,175.700,175.610,8.438,8.348,intact
206.0,175.720,175.603,7.922,7.805,intact
207.0,175.750,175.716,7.688,7.654,intact
208.0,175.790,175.767,7.811,7.789,intact
209.0,175.830,175.748,7.944,7.862,intact
210.0,175.890,175.885,8.208,8.203,intact
211.0,175.880,175.794,8.169,8.083,intact
212.0,175.970,175.874,7.456,7.360,intact
213.0,176.020,175.971,8.052,8.003,intact
214.0,176.030,175.979,8.020,7.969,intact
215.0,176.080,176.082,7.621,7.623,intact
216.0,176.090,175.969,6.294,6.173,intact
217.0,176.210,176.195,6.322,6.307,intact
218.0,176.280,176.232,6.315,6.267,intact
219.0,176.290,176.233,6.222,6.165,intact
220.0,176.330,176.303,6.283,6.256,intact
221.0,176.350,176.296,5.837,5.783,intact
222.0,176.340,176.327,5.792,5.779,intact
223.0,176.390,176.363,5.706,5.679,intact
224.0,176.400,176.329,5.892,5.821,intact
225.0,176.510,176.457,6.018,5.965,intact
226.0,176.570,176.398,6.363,6.191,intact
227.0,176.610,176.562,6.505,6.457,intact
228.0,176.690,176.505,6.691,6.506,intact
229.0,176.720,176.680,7.091,7.051,intact
230.0,176.890,176.894,7.413,7.417,intact
231.0,177.000,176.984,7.669,7.653,intact
232.0,177.080,176.968,7.577,7.465,intact
233.0,177.160,177.177,7.454,7.470,intact
234.0,177.320,177.261,7.902,7.843,intact
235.0,177.350,177.299,8.092,8.041,intact
236.0,177.450,177.438,8.600,8.588,intact
237.0,177.530,177.418,9.038,8.926,intact
238.0,177.610,177.524,9.309,9.223,intact
239.0,177.960,177.903,9.822,9.765,intact
240.0,178.290,178.162,10.295,10.167,intact
241.0,178.360,178.345,10.973,10.958,intact
242.0,178.360,178.299,11.246,11.185,intact
243.0,178.420,178.403,11.797,11.780,intact
244.0,178.360,178.336,11.866,11.842,intact
245.0,178.210,178.211,11.439,11.440,intact
246.0,178.160,178.054,10.759,10.653,intact
247.0,178.130,178.106,10.916,10.892,intact
248.0,178.140,178.087,11.886,11.833,intact
249.0,178.160,178.027,12.085,11.952,intact
250.0,178.160,178.065,11.941,11.846,intact
251.0,178.200,178.165,12.919,12.884,intact
252.0,178.200,178.191,13.084,13.075,intact
253.0,178.200,178.115,12.983,12.898,intact
254.0,178.280,178.219,12.540,12.479,intact
255.0,178.300,178.281,12.469,12.450,intact
256.0,178.360,178.327,12.623,12.590,intact
257.0,178.410,178.390,12.574,12.554,intact
258.0,178.440,178.414,12.476,12.450,intact
259.0,178.500,178.459,12.643,12.602,intact
260.0,178.500,178.455,12.980,12.935,intact
261.0,178.580,178.502,12.915,12.837,intact
262.0,178.620,178.580,12.806,12.766,intact
263.0,178.660,178.624,12.829,12.793,intact
264.0,178.660,178.434,12.632,12.406,intact
265.0,178.790,178.706,11.388,11.304,intact
266.0,178.860,178.805,11.187,11.132,intact
267.0,178.870,178.824,11.138,11.092,intact
268.0,178.910,178.869,11.156,11.115,intact
269.0,178.900,178.783,11.137,11.020,intact
270.0,179.050,178.956,11.257,11.163,intact
271.0,179.050,179.024,11.508,11.482,intact
272.0,179.110,179.049,11.762,11.701,intact
273.0,179.190,179.083,11.845,11.738,intact
274.0,179.240,179.128,11.868,11.755,intact
275.0,179.260,179.265,11.922,11.927,intact
276.0,179.330,179.322,11.955,11.947,intact
277.0,179.370,179.327,12.094,12.051,intact
278.0,179.370,179.314,13.040,12.984,intact
279.0,179.410,179.394,13.845,13.829,intact
280.0,179.410,179.411,13.851,13.852,intact
281.0,179.430,179.417,14.140,14.127,intact
282.0,179.500,179.404,14.007,13.911,intact
283.0,179.530,179.453,13.796,13.719,intact
284.0,179.540,179.422,13.379,13.261,intact
285.0,179.550,179.571,13.279,13.300,intact
286.0,179.590,179.364,13.325,13.099,intact
287.0,179.700,179.419,13.424,13.143,intact
288.0,179.800,179.591,13.346,13.137,intact
289.0,179.820,179.774,13.313,13.267,intact
290.0,179.960,179.918,13.269,13.227,intact
291.0,180.160,180.070,13.250,13.160,intact
292.0,180.260,180.106,13.130,12.976,intact
293.0,180.380,180.317,13.017,12.954,intact
294.0,180.720,180.687,13.669,13.636,intact
295.0,180.830,180.792,13.102,13.064,intact
296.0,180.960,180.904,13.445,13.389,intact
297.0,181.000,181.001,13.344,13.345,intact
298.0,181.000,180.889,13.072,12.961,intact
299.0,181.090,180.988,12.946,12.844,intact
300.0,181.080,181.049,13.004,12.973,intact
301.0,181.090,181.022,12.871,12.803,intact
