s,width_lidar_m,width_1970_m,ratio_1970_over_lidar,usable
0.0,1.6027,8.266666666666667,nan,False
1.0,3.7062,8.266666666666667,nan,False
2.0,4.9399,8.266666666666667,nan,False
3.0,6.1258,8.266666666666667,nan,False
4.0,7.4767,8.266666666666667,nan,False
5.0,9.273,8.266666666666667,nan,False
6.0,9.9569,8.355555555555556,0.839172388550207,True
7.0,9.6922,8.355555555555556,0.8620907075334348,True
8.0,9.2951,8.355555555555556,0.8989204586885086,True
9.0,9.1748,7.822222222222222,0.8525768651329971,True
10.0,8.7585,7.822222222222222,0.8931006704598073,True
11.0,8.663,7.733333333333333,0.8926853668859902,True
12.0,8.9065,7.733333333333333,0.8682797208031588,True
13.0,9.348,8.0,0.8557980316645271,True
14.0,9.5638,8.0,0.8364875886154038,True
15.0,9.7821,8.8,0.8996023348769693,True
16.0,10.2402,8.8,0.8593582156598505,True
17.0,10.5117,10.133333333333333,0.9640051878700242,True
18.0,10.5208,10.133333333333333,0.9631713684637416,True
19.0,11.3109,11.911111111111111,1.0530648410923191,True
20.0,11.9909,11.911111111111111,0.9933458798848386,True
21.0,12.5165,13.066666666666666,1.0439553123210694,True
22.0,13.2426,13.066666666666666,0.9867145928040315,True
23.0,14.0133,13.244444444444444,0.9451338688563325,True
24.0,14.9445,13.244444444444444,0.8862420585797078,True
25.0,15.6242,13.244444444444444,0.8476878460621627,True
26.0,15.2396,12.622222222222222,0.8282515434934133,True
27.0,15.0682,12.622222222222222,0.8376728622013394,True
28.0,14.5305,11.733333333333333,0.8074968743906495,True
29.0,12.8912,11.733333333333333,0.9101816226056018,True
30.0,12.4289,10.666666666666666,0.8582148594539071,True
31.0,11.9226,10.666666666666666,0.8946594422916702,True
32.0,11.5728,10.488888888888889,nan,False
33.0,11.411,10.488888888888889,nan,False
34.0,10.8176,10.488888888888889,nan,False
35.0,10.5101,10.755555555555556,1.0233542550076171,True
36.0,10.1924,10.755555555555556,1.0552524975035866,True
37.0,10.3466,10.933333333333334,1.0567078396123686,True
38.0,10.54,10.933333333333334,1.0373181530676787,True
39.0,10.8068,10.666666666666666,0.9870328558561892,True
40.0,10.9503,10.666666666666666,0.9740981221214638,True
41.0,11.1245,10.666666666666666,0.9588445922663191,True
42.0,11.4637,10.4,0.9072114587785794,True
43.0,12.03,10.4,0.8645054031587698,True
44.0,12.3361,10.755555555555556,0.8718764889677901,True
45.0,12.1495,10.755555555555556,0.8852673406770284,True
46.0,12.011,10.755555555555556,0.8954754438061407,True
47.0,12.1981,10.755555555555556,0.8817402345902686,True
48.0,12.4234,10.044444444444444,nan,False
49.0,12.3778,10.044444444444444,nan,False
50.0,12.1379,9.866666666666667,nan,False
51.0,12.2063,9.866666666666667,nan,False
52.0,12.2823,9.955555555555556,0.8105611779190832,True
53.0,12.3936,9.955555555555556,0.8032819806638553,True
54.0,12.388,9.955555555555556,0.8036451045814946,True
55.0,12.3122,9.511111111111111,0.7724948515384018,True
56.0,12.083,9.511111111111111,0.7871481512133668,True
57.0,12.0217,9.422222222222222,nan,False
58.0,11.8309,9.422222222222222,nan,False
59.0,11.671,9.155555555555555,0.7844705299936214,True
60.0,11.6065,9.155555555555555,0.7888300138332447,True
61.0,11.4422,9.066666666666666,0.7923884101542245,True
62.0,11.2298,9.066666666666666,0.8073756136945153,True
63.0,10.4828,9.066666666666666,0.8649088665878074,True
64.0,10.415,9.155555555555555,0.8790739851709607,True
65.0,10.0998,9.155555555555555,0.9065085997302477,True
66.0,10.0685,9.244444444444444,0.9181550821318413,True
67.0,10.218,9.244444444444444,0.9047215154085382,True
68.0,10.024,9.155555555555555,0.9133634831958855,True
69.0,10.1075,9.155555555555555,0.9058180119273367,True
70.0,9.8018,9.6,0.9794119447448427,True
71.0,10.2154,9.6,0.9397576208469565,True
72.0,10.291,10.044444444444444,nan,False
73.0,10.4304,10.044444444444444,nan,False
74.0,11.1341,10.577777777777778,0.9500343788701177,True
75.0,11.6039,10.577777777777778,0.9115709182066183,True
76.0,11.8959,10.577777777777778,0.88919525027764,True
77.0,12.2229,11.022222222222222,0.90176817467395,True
78.0,13.2234,11.022222222222222,0.8335391973488075,True
79.0,14.8449,11.822222222222223,0.7963827457390903,True
80.0,15.3204,11.822222222222223,0.7716653757227111,True
81.0,15.1764,12.533333333333333,0.8258436344148371,True
82.0,15.1958,12.533333333333333,0.8247893058169582,True
83.0,15.2304,12.533333333333333,0.8229155723640439,True
84.0,15.3931,12.533333333333333,0.8142176256461228,True
85.0,16.2723,12.533333333333333,0.7702250654998576,True
86.0,16.8803,12.533333333333333,0.7424828547675891,True
87.0,15.8529,12.533333333333333,0.790601929825668,True
88.0,16.471,13.333333333333334,0.8095035719345112,True
89.0,17.249,13.333333333333334,0.7729916710147449,True
90.0,16.9617,13.333333333333334,0.7860847281424228,True
91.0,15.9183,13.333333333333334,0.8376103813430664,True
92.0,15.6813,13.333333333333334,0.8502696417601432,True
93.0,16.043,13.066666666666666,nan,False
94.0,14.6785,13.066666666666666,nan,False
95.0,14.4655,12.8,0.8848639867270403,True
96.0,13.5837,12.8,0.9423058518665755,True
97.0,13.6713,12.622222222222222,0.9232642266808732,True
98.0,13.3338,12.177777777777777,0.9133013677854608,True
99.0,12.6541,11.466666666666667,0.9061621661490479,True
100.0,11.6123,11.466666666666667,0.9874587004010116,True
101.0,10.8767,11.466666666666667,1.0542413293247646,True
102.0,10.8853,11.555555555555555,1.0615743760443492,True
103.0,10.2441,11.555555555555555,1.1280205733598418,True
104.0,9.9995,11.555555555555555,1.1556133362223666,True
105.0,10.2582,12.266666666666667,1.1957913344121451,True
106.0,10.1872,12.266666666666667,1.2041254384587194,True
107.0,10.09,12.71111111111111,1.2597731527364826,True
108.0,10.2247,12.71111111111111,1.2431769255930354,True
109.0,11.1455,12.71111111111111,1.1404702445929846,True
110.0,11.552,11.911111111111111,nan,False
111.0,11.4351,11.911111111111111,nan,False
112.0,11.4772,11.911111111111111,nan,False
113.0,11.621,11.911111111111111,1.024964384399889,True
114.0,11.2346,11.911111111111111,1.060216751029063,True
115.0,10.9921,11.911111111111111,1.083606509321341,True
116.0,11.0186,11.11111111111111,1.0083959042991952,True
117.0,11.1341,11.11111111111111,0.9979352719223925,True
118.0,11.2301,9.688888888888888,0.8627606957096453,True
119.0,11.0615,9.688888888888888,0.8759109423576267,True
120.0,10.1864,8.622222222222222,0.8464444968018359,True
121.0,10.035,8.622222222222222,0.8592149698278247,True
122.0,10.2756,8.177777777777777,0.7958443086318829,True
123.0,9.6567,8.177777777777777,0.8468501431936144,True
124.0,9.6751,8.177777777777777,0.8452396127975708,True
125.0,9.4664,7.911111111111111,0.8357042921396847,True
126.0,8.8933,8.0,0.8995535965277232,True
127.0,8.6694,8.0,0.9227858906037327,True
128.0,8.4636,8.0,0.9452242544543693,True
129.0,8.7213,8.71111111111111,0.9988317236089931,True
130.0,9.6612,8.71111111111111,0.9016593291838603,True
131.0,10.1282,9.511111111111111,0.9390722054374037,True
132.0,10.4474,9.511111111111111,0.9103806795098408,True
133.0,10.8847,9.511111111111111,0.8738055353947386,True
134.0,11.4439,10.222222222222221,0.8932463777403002,True
135.0,12.0126,11.2,0.9323543612540165,True
136.0,12.3841,11.2,0.9043854620036982,True
137.0,12.7282,11.2,0.8799358903851291,True
138.0,12.9309,6.933333333333334,nan,False
139.0,12.9543,6.933333333333334,nan,False
140.0,12.3833,6.933333333333334,nan,False
141.0,12.141,6.933333333333334,nan,False
142.0,11.4764,6.933333333333334,nan,False
143.0,9.9175,6.933333333333334,nan,False
144.0,9.4375,6.933333333333334,nan,False
145.0,9.433,6.933333333333334,nan,False
146.0,10.0652,6.933333333333334,nan,False
147.0,10.667,3.5555555555555554,nan,False
148.0,10.5841,3.5555555555555554,nan,False
149.0,10.5672,6.4,nan,False
150.0,10.5621,6.4,nan,False
151.0,10.0997,6.4,nan,False
152.0,9.6395,6.488888888888889,nan,False
153.0,8.8249,6.488888888888889,nan,False
154.0,8.8869,6.5777777777777775,nan,False
155.0,9.3485,6.5777777777777775,nan,False
156.0,11.2847,6.222222222222222,nan,False
157.0,13.0845,6.222222222222222,nan,False
158.0,14.2755,6.222222222222222,nan,False
159.0,18.2154,6.311111111111111,nan,False
160.0,19.6506,6.311111111111111,nan,False
161.0,26.559,6.311111111111111,nan,False
162.0,23.7535,6.311111111111111,nan,False
163.0,10.2994,6.311111111111111,nan,False
164.0,9.8355,6.311111111111111,nan,False
165.0,10.3392,6.311111111111111,nan,False
166.0,10.712,6.311111111111111,nan,False
167.0,11.3493,6.311111111111111,nan,False
168.0,11.3744,9.6,nan,False
169.0,10.6398,9.6,nan,False
170.0,10.6323,9.6,nan,False
171.0,10.3856,9.6,nan,False
172.0,10.663,9.6,nan,False
173.0,10.672,9.6,nan,False
174.0,10.6714,9.511111111111111,0.8912711650871592,True
175.0,30.4923,9.511111111111111,0.3119184551874116,True
176.0,31.3089,9.511111111111111,0.30378298538470244,True
177.0,31.4171,8.71111111111111,0.2772729217881698,True
178.0,31.5976,8.71111111111111,0.27568901154236747,True
179.0,31.1965,8.71111111111111,0.27923360348472137,True
180.0,29.5489,8.71111111111111,0.29480322824575905,True
181.0,8.2005,8.088888888888889,0.986389718784085,True
182.0,8.477,8.088888888888889,0.9542159831177172,True
183.0,8.5106,8.088888888888889,0.950448721463691,True
184.0,8.2769,7.288888888888889,0.8806302950245731,True
185.0,8.1068,7.288888888888889,0.8991080190567041,True
186.0,8.0214,6.844444444444444,0.8532730501464139,True
187.0,7.3087,6.844444444444444,0.9364790516021241,True
188.0,6.9998,6.844444444444444,0.977805715083923,True
189.0,7.1455,6.4,0.8956686026170317,True
190.0,7.497,6.4,0.8536748032546353,True
191.0,7.7168,6.4,0.8293593199253577,True
192.0,7.8305,5.777777777777778,0.7378555363996907,True
193.0,8.0448,5.777777777777778,0.7182003005392026,True
194.0,7.9156,5.066666666666666,0.6400862431990836,True
195.0,7.8691,5.066666666666666,0.6438686338547821,True
196.0,7.9211,5.066666666666666,0.6396418005916686,True
197.0,7.7913,4.711111111111111,0.6046630358362676,True
198.0,8.0874,4.711111111111111,0.5825248053900031,True
199.0,8.3846,4.444444444444445,0.5300723283692059,True
200.0,8.182,4.444444444444445,0.5431978054808658,True
201.0,8.6275,4.444444444444445,0.5151485881709006,True
202.0,8.8757,4.266666666666667,0.4807132582969982,True
203.0,9.0257,4.266666666666667,0.4727241839044801,True
204.0,8.4153,4.177777777777778,0.4964502486872456,True
205.0,7.502,4.177777777777778,0.556888533428123,True
206.0,7.6931,3.7333333333333334,0.48528334914837107,True
207.0,8.2436,3.7333333333333334,0.4528765749591602,True
208.0,9.0673,3.7333333333333334,0.41173594491561255,True
209.0,9.3341,3.7333333333333334,0.3999671455559008,True
210.0,9.4177,4.177777777777778,0.4436091378763157,True
211.0,9.7374,4.177777777777778,0.4290444859796022,True
212.0,10.0275,5.2444444444444445,0.5230061774564393,True
213.0,10.2937,5.2444444444444445,0.5094809878318238,True
214.0,10.6977,6.4,0.59825943894482,True
215.0,11.216,6.4,0.5706134094151213,True
216.0,11.8741,6.4,0.538988218054421,True
217.0,11.8692,8.8,nan,False
218.0,11.6514,8.8,nan,False
219.0,11.7975,8.8,nan,False
220.0,12.2924,8.8,nan,False
221.0,12.5815,10.844444444444445,0.8619357345661841,True
222.0,12.4794,10.844444444444445,0.8689876471981381,True
223.0,12.5824,11.733333333333333,0.9325194981349609,True
224.0,12.0013,12.266666666666667,1.0221114934770956,True
225.0,11.8805,12.266666666666667,1.0325042436485559,True
226.0,11.9018,12.266666666666667,1.030656427319117,True
227.0,11.9992,12.177777777777777,1.0148824736463913,True
228.0,12.178,12.177777777777777,0.9999817521578073,True
229.0,12.0409,12.177777777777777,1.0113677364464264,True
230.0,12.0913,11.733333333333333,0.970394691499949,True
231.0,11.9318,11.733333333333333,0.983366577828436,True
232.0,11.3507,11.733333333333333,1.0337101089213294,True
233.0,11.0167,11.733333333333333,1.0650497275348636,True
234.0,10.6836,11.377777777777778,1.0649760172392992,True
235.0,10.5873,11.377777777777778,1.0746628297845322,True
236.0,10.4788,10.666666666666666,1.0179282615057703,True
237.0,10.3932,10.666666666666666,1.0263120758444624,True
238.0,10.4178,10.666666666666666,1.02388860092022,True
239.0,10.6916,10.666666666666666,0.9976679511641537,True
240.0,9.9627,10.666666666666666,1.0706602293220377,True
241.0,10.1238,10.044444444444444,0.9921614852569633,True
242.0,10.1352,10.044444444444444,0.9910455091605933,True
243.0,11.59,9.422222222222222,0.8129613651615377,True
244.0,11.7353,9.422222222222222,0.8028957267579203,True
245.0,11.2505,9.422222222222222,0.8374936422578749,True
246.0,12.5171,8.71111111111111,0.6959368472818074,True
247.0,11.9347,8.71111111111111,0.7298977863801445,True
248.0,11.5711,8.71111111111111,0.7528334480828194,True
249.0,10.8911,8.266666666666667,0.7590295440007592,True
250.0,10.4916,8.266666666666667,0.7879319328478657,True
251.0,10.7079,8.266666666666667,0.7720156768989874,True
252.0,10.5799,7.911111111111111,0.7477491385656869,True
253.0,9.8945,7.911111111111111,0.7995463248381536,True
254.0,9.9837,7.911111111111111,0.792402727557029,True
255.0,10.3903,7.555555555555555,0.7271739560508893,True
256.0,10.5034,7.555555555555555,0.7193437892068812,True
257.0,10.3648,7.111111111111111,0.6860828101951905,True
258.0,10.0853,7.111111111111111,0.7050966367992137,True
259.0,10.0736,7.111111111111111,0.7059155724975292,True
260.0,9.8646,6.5777777777777775,0.6668063355612774,True
261.0,9.4846,6.5777777777777775,0.6935218963137905,True
262.0,9.3924,6.222222222222222,0.662474151678189,True
263.0,9.2148,6.044444444444444,0.6559496076360251,True
264.0,9.3533,6.044444444444444,0.6462365629718329,True
265.0,9.4878,6.044444444444444,0.6370754489391054,True
266.0,9.7603,6.311111111111111,0.6466103614756832,True
267.0,9.5638,6.844444444444444,0.7156616035931789,True
268.0,9.4386,6.666666666666667,nan,False
269.0,9.5994,6.666666666666667,nan,False
270.0,9.7698,6.666666666666667,nan,False
271.0,10.029,6.666666666666667,nan,False
272.0,10.3886,6.666666666666667,nan,False
273.0,10.0628,6.666666666666667,nan,False
274.0,9.4455,6.666666666666667,nan,False
275.0,9.3591,6.666666666666667,nan,False
276.0,9.535,6.666666666666667,nan,False
277.0,8.8315,6.666666666666667,nan,False
278.0,8.774,5.955555555555556,nan,False
279.0,8.9825,5.955555555555556,nan,False
280.0,8.9581,5.955555555555556,nan,False
281.0,8.3537,5.955555555555556,nan,False
282.0,7.8594,5.955555555555556,nan,False
283.0,6.8419,5.955555555555556,nan,False
284.0,6.0742,5.955555555555556,nan,False
285.0,6.0826,5.955555555555556,nan,False
286.0,6.3917,6.4,nan,False
287.0,6.7029,6.4,nan,False
288.0,7.0254,6.4,nan,False
289.0,7.1171,6.4,nan,False
290.0,7.5368,6.4,nan,False
291.0,7.5933,6.4,nan,False
292.0,7.7774,6.4,nan,False
293.0,8.0614,6.4,nan,False
294.0,8.0672,6.4,nan,False
295.0,7.7758,6.4,nan,False
296.0,7.2525,6.4,nan,False
297.0,6.7546,6.4,nan,False
298.0,6.1489,7.733333333333333,nan,False
299.0,6.6014,8.533333333333333,nan,False
300.0,7.0221,8.533333333333333,nan,False
301.0,7.7783,8.533333333333333,nan,False
