s,z_ceil_dlio,z_ceil_fastlio,dlio_minus_fastlio
0.0,239.208,237.571,1.638
1.0,238.772,235.951,2.821
2.0,238.933,235.357,3.576
3.0,238.622,235.448,3.174
4.0,238.436,235.636,2.801
5.0,238.120,235.719,2.401
6.0,238.026,235.753,2.274
7.0,238.058,235.779,2.279
8.0,238.304,235.782,2.523
9.0,238.254,235.806,2.448
10.0,238.079,235.909,2.170
11.0,237.721,236.578,1.143
12.0,237.407,236.940,0.466
13.0,237.389,237.417,-0.028
14.0,237.501,237.854,-0.353
15.0,238.039,238.416,-0.377
16.0,238.077,238.753,-0.676
17.0,238.218,238.975,-0.757
18.0,238.425,239.189,-0.764
19.0,238.463,239.338,-0.875
20.0,238.674,239.425,-0.750
21.0,238.913,239.503,-0.590
22.0,238.939,239.574,-0.634
23.0,238.971,239.677,-0.706
24.0,239.162,239.762,-0.600
25.0,239.320,239.818,-0.498
26.0,239.360,239.859,-0.499
27.0,239.451,239.921,-0.470
28.0,239.699,239.976,-0.277
29.0,240.191,240.226,-0.034
30.0,240.345,240.720,-0.375
31.0,240.585,240.865,-0.280
32.0,241.982,240.972,1.010
33.0,241.175,241.060,0.116
34.0,241.188,241.068,0.120
35.0,241.189,241.089,0.100
36.0,236.874,241.087,-4.213
37.0,236.640,240.967,-4.326
38.0,240.353,240.240,0.113
39.0,240.603,240.257,0.346
40.0,240.671,240.320,0.351
41.0,240.712,240.303,0.409
42.0,240.207,240.245,-0.038
43.0,239.913,240.203,-0.290
44.0,239.953,240.145,-0.192
45.0,240.124,240.118,0.006
46.0,240.244,240.119,0.125
47.0,240.273,240.140,0.133
48.0,240.306,240.155,0.151
49.0,240.107,240.192,-0.084
50.0,240.143,240.206,-0.063
51.0,240.026,240.211,-0.185
52.0,240.056,240.195,-0.139
53.0,240.161,240.177,-0.016
54.0,240.259,240.167,0.093
55.0,240.510,240.196,0.313
56.0,240.978,240.218,0.761
57.0,241.157,240.236,0.921
58.0,241.192,240.306,0.887
59.0,241.315,240.460,0.855
60.0,241.428,240.650,0.779
61.0,241.489,240.746,0.744
62.0,241.768,240.763,1.005
63.0,241.809,240.769,1.040
64.0,241.680,240.871,0.809
65.0,241.689,241.032,0.657
66.0,241.822,240.957,0.866
67.0,241.872,240.928,0.943
68.0,241.799,240.882,0.918
69.0,241.895,240.835,1.060
70.0,241.955,240.806,1.149
71.0,241.866,240.777,1.089
72.0,241.304,240.694,0.610
73.0,240.751,240.484,0.267
74.0,240.825,240.327,0.498
75.0,240.812,239.944,0.869
76.0,240.994,239.541,1.453
77.0,241.136,239.472,1.664
78.0,241.289,239.507,1.781
79.0,241.468,239.524,1.944
80.0,241.568,239.543,2.025
81.0,241.678,239.581,2.096
82.0,241.672,239.605,2.067
83.0,241.906,239.588,2.318
84.0,242.129,239.579,2.550
85.0,242.257,239.633,2.624
86.0,242.440,239.749,2.691
87.0,242.913,239.875,3.038
88.0,243.093,240.082,3.011
89.0,243.282,240.223,3.060
90.0,243.748,240.310,3.438
91.0,244.119,240.463,3.655
92.0,244.280,240.526,3.754
93.0,245.492,240.621,4.871
94.0,245.644,240.747,4.898
95.0,245.553,240.781,4.772
96.0,245.627,240.908,4.719
97.0,245.912,240.952,4.960
98.0,246.102,240.965,5.137
99.0,246.188,240.959,5.228
100.0,245.792,240.954,4.838
101.0,245.843,240.968,4.874
102.0,246.658,241.020,5.638
103.0,245.790,241.374,4.415
104.0,245.940,241.967,3.972
105.0,246.017,242.263,3.754
106.0,246.058,242.380,3.678
107.0,245.943,242.437,3.506
108.0,245.664,242.435,3.229
109.0,245.202,242.433,2.768
110.0,244.994,242.380,2.614
111.0,244.138,242.336,1.802
112.0,243.675,242.157,1.518
113.0,242.904,241.969,0.934
114.0,242.261,241.864,0.397
115.0,242.306,241.825,0.481
116.0,242.075,241.753,0.322
117.0,241.744,241.652,0.093
118.0,241.095,241.551,-0.456
119.0,240.018,241.453,-1.435
120.0,239.576,241.143,-1.567
121.0,238.335,240.738,-2.403
122.0,238.395,239.881,-1.487
123.0,238.056,239.689,-1.633
124.0,238.030,239.551,-1.521
125.0,237.789,239.418,-1.630
126.0,237.369,239.373,-2.004
127.0,237.059,239.319,-2.260
128.0,236.629,239.253,-2.624
129.0,236.551,239.232,-2.681
130.0,236.805,239.154,-2.349
131.0,236.753,239.006,-2.253
132.0,236.484,238.888,-2.404
133.0,236.120,238.626,-2.506
134.0,235.596,238.539,-2.943
135.0,230.446,238.510,-8.065
136.0,230.169,238.494,-8.325
137.0,229.801,238.452,-8.651
138.0,229.236,238.388,-9.152
139.0,232.138,238.327,-6.189
140.0,232.923,238.239,-5.316
141.0,232.233,238.166,-5.933
142.0,231.158,237.798,-6.640
143.0,230.894,237.641,-6.747
144.0,230.490,237.336,-6.845
145.0,230.078,237.061,-6.982
146.0,230.379,236.873,-6.494
147.0,230.253,236.726,-6.473
148.0,229.879,236.681,-6.802
149.0,229.841,236.737,-6.896
150.0,229.682,236.974,-7.292
151.0,229.458,237.156,-7.698
152.0,229.136,237.204,-8.068
153.0,228.678,237.189,-8.511
154.0,228.250,237.144,-8.894
155.0,227.865,237.107,-9.242
156.0,227.515,237.063,-9.548
157.0,227.701,236.994,-9.293
158.0,227.451,236.930,-9.479
159.0,227.194,236.872,-9.678
160.0,226.750,236.755,-10.005
161.0,226.667,236.626,-9.959
162.0,226.983,236.547,-9.564
163.0,227.002,236.551,-9.549
164.0,226.998,236.562,-9.563
165.0,226.880,236.643,-9.764
166.0,226.688,236.616,-9.928
167.0,225.943,236.529,-10.586
168.0,225.878,236.431,-10.553
169.0,225.542,236.318,-10.776
170.0,225.314,236.116,-10.803
171.0,225.010,235.969,-10.960
172.0,224.776,235.885,-11.109
173.0,224.779,235.752,-10.973
174.0,224.771,235.662,-10.891
175.0,224.318,235.466,-11.148
176.0,224.177,235.366,-11.189
177.0,223.661,235.249,-11.588
178.0,223.415,234.880,-11.465
179.0,223.232,234.060,-10.827
180.0,223.233,233.593,-10.360
181.0,223.367,233.049,-9.682
182.0,223.434,232.556,-9.122
183.0,223.592,232.451,-8.859
184.0,223.963,235.083,-11.119
185.0,224.415,235.367,-10.952
186.0,224.781,236.144,-11.363
187.0,224.979,236.621,-11.643
188.0,225.249,236.752,-11.503
189.0,225.278,236.726,-11.448
190.0,225.482,236.712,-11.231
191.0,225.659,236.643,-10.984
192.0,225.943,236.652,-10.709
193.0,225.892,236.693,-10.801
194.0,225.850,236.797,-10.948
195.0,225.729,236.971,-11.242
196.0,225.914,236.867,-10.954
197.0,225.747,236.761,-11.014
198.0,225.015,236.703,-11.688
199.0,224.864,236.672,-11.808
200.0,224.908,236.603,-11.694
201.0,224.672,236.528,-11.856
202.0,223.635,236.462,-12.827
203.0,223.416,236.283,-12.867
204.0,223.137,236.135,-12.998
205.0,222.626,235.985,-13.360
206.0,221.994,235.828,-13.833
207.0,221.530,235.728,-14.199
208.0,221.054,235.653,-14.598
209.0,220.602,235.584,-14.982
210.0,220.288,235.359,-15.071
211.0,219.740,235.033,-15.292
212.0,219.223,234.784,-15.561
213.0,218.529,234.456,-15.927
214.0,217.878,234.305,-16.427
215.0,217.697,234.243,-16.546
216.0,217.446,234.090,-16.644
217.0,217.123,233.986,-16.862
218.0,216.768,233.927,-17.158
219.0,216.209,,
220.0,215.983,,
221.0,215.909,,
222.0,215.761,,
223.0,215.532,,
224.0,215.317,,
225.0,214.927,,
226.0,214.755,,
227.0,214.681,,
228.0,214.543,,
229.0,214.273,,
230.0,214.149,,
231.0,214.858,,
232.0,214.859,,
233.0,214.620,,
234.0,214.312,,
235.0,213.682,,
236.0,213.555,,
237.0,212.999,,
238.0,213.512,,
239.0,213.293,,
240.0,213.819,,
241.0,213.763,,
242.0,213.724,234.351,-20.627
243.0,213.922,234.836,-20.913
244.0,214.078,236.627,-22.549
245.0,214.194,236.639,-22.445
246.0,214.085,236.636,-22.550
247.0,213.852,236.746,-22.895
248.0,213.605,237.228,-23.624
249.0,213.577,238.037,-24.460
250.0,213.206,238.318,-25.111
251.0,212.748,238.417,-25.668
252.0,212.373,238.479,-26.107
253.0,211.962,238.622,-26.660
254.0,212.573,238.770,-26.197
255.0,210.905,238.832,-27.927
256.0,210.208,238.838,-28.629
257.0,209.601,238.837,-29.235
258.0,209.286,238.825,-29.538
259.0,208.828,238.790,-29.961
260.0,208.302,238.759,-30.456
261.0,207.839,238.747,-30.907
262.0,207.257,238.716,-31.460
263.0,206.308,238.659,-32.351
264.0,205.640,238.581,-32.940
265.0,204.641,238.459,-33.818
266.0,203.988,238.236,-34.249
267.0,203.276,238.070,-34.794
268.0,201.240,237.920,-36.679
269.0,197.581,237.815,-40.233
270.0,200.711,237.717,-37.006
271.0,200.298,237.694,-37.396
272.0,199.924,237.661,-37.737
273.0,199.337,237.622,-38.286
274.0,198.548,237.553,-39.005
275.0,197.893,237.462,-39.569
276.0,197.164,237.294,-40.130
277.0,196.599,237.117,-40.518
278.0,196.042,236.753,-40.711
279.0,195.384,236.519,-41.134
280.0,195.165,236.267,-41.102
281.0,194.735,235.887,-41.151
282.0,194.317,235.382,-41.066
283.0,193.825,234.858,-41.034
284.0,193.413,233.762,-40.349
285.0,193.043,232.507,-39.463
286.0,192.616,230.174,-37.558
287.0,192.159,230.341,-38.182
288.0,191.764,231.179,-39.415
289.0,191.481,232.625,-41.144
290.0,191.472,232.916,-41.443
291.0,191.226,232.877,-41.651
292.0,191.349,232.389,-41.040
293.0,192.324,230.503,-38.179
294.0,192.339,230.040,-37.701
295.0,192.127,230.064,-37.937
296.0,191.806,230.861,-39.055
297.0,191.365,231.023,-39.658
298.0,190.723,230.969,-40.246
299.0,190.021,230.521,-40.500
300.0,190.110,230.265,-40.155
301.0,189.888,230.394,-40.506
302.0,189.366,230.512,-41.146
303.0,188.905,,
304.0,188.517,,
305.0,188.111,,
306.0,187.399,,
307.0,186.841,,
308.0,185.368,,
309.0,184.831,,
310.0,184.221,,
311.0,183.857,,
312.0,183.736,,
313.0,183.358,,
314.0,183.078,229.183,-46.105
315.0,182.675,233.344,-50.668
316.0,182.266,233.745,-51.479
317.0,181.386,234.345,-52.959
318.0,181.451,234.631,-53.180
319.0,181.237,234.908,-53.671
320.0,180.986,235.130,-54.145
321.0,180.638,235.362,-54.724
322.0,180.365,235.674,-55.309
323.0,180.153,235.942,-55.788
324.0,179.910,235.984,-56.073
325.0,179.596,236.011,-56.414
326.0,179.285,236.055,-56.770
327.0,176.833,236.170,-59.337
328.0,178.211,236.153,-57.942
329.0,177.764,236.041,-58.277
330.0,177.458,235.959,-58.501
331.0,177.171,235.946,-58.775
332.0,176.600,235.816,-59.216
333.0,176.257,235.040,-58.783
334.0,175.765,234.702,-58.937
335.0,174.992,234.743,-59.751
336.0,174.187,234.885,-60.698
337.0,173.930,234.992,-61.062
338.0,172.410,235.127,-62.717
