s,x,y,z_dem,z_ceil,tau,sigma_tau,span,coverage,ghost_frac,class
0.0,1374.856,587.822,235.250,239.208,-3.958,0.532,7.99,0.99,0.451,multipass
1.0,1374.864,588.870,235.260,238.772,-3.512,0.532,7.84,0.97,0.369,multipass
2.0,1374.857,589.878,235.500,238.933,-3.433,0.532,7.83,0.83,0.287,multipass
3.0,1374.835,590.847,235.630,238.622,-2.992,0.532,7.96,0.85,0.213,multipass
4.0,1374.801,591.780,235.710,238.436,-2.726,0.532,8.32,0.99,0.168,multipass
5.0,1374.755,592.679,235.770,238.120,-2.350,0.532,8.61,1.00,0.136,multipass
6.0,1374.699,593.545,235.770,238.026,-2.256,0.532,8.13,1.00,0.150,multipass
7.0,1374.633,594.380,235.860,238.058,-2.198,0.532,8.21,1.00,0.161,multipass
8.0,1374.558,595.186,235.990,238.304,-2.314,0.532,8.27,0.97,0.155,multipass
9.0,1374.477,595.966,236.130,238.254,-2.124,0.532,8.51,0.97,0.139,multipass
10.0,1374.389,596.721,236.430,238.079,-1.649,0.532,8.94,1.00,0.074,multipass
11.0,1374.297,597.453,236.450,237.721,-1.271,0.532,9.14,1.00,0.068,multipass
12.0,1374.200,598.163,236.460,237.407,-0.947,0.532,9.34,1.00,0.078,multipass
13.0,1374.101,598.855,236.450,237.389,-0.939,0.532,9.59,0.97,0.093,multipass
14.0,1374.000,599.530,236.460,237.501,-1.041,0.532,9.88,0.99,0.111,multipass
15.0,1373.899,600.190,236.480,238.039,-1.559,0.532,11.11,0.99,0.139,multipass
16.0,1373.799,600.836,236.490,238.077,-1.587,0.532,11.67,1.00,0.177,multipass
17.0,1373.700,601.471,236.490,238.218,-1.728,0.532,11.83,1.00,0.212,multipass
18.0,1373.604,602.097,236.490,238.425,-1.935,0.532,12.20,1.00,0.255,multipass
19.0,1373.513,602.715,236.500,238.463,-1.963,0.532,12.86,1.00,0.302,multipass
20.0,1373.426,603.328,236.510,238.674,-2.164,0.532,13.17,1.00,0.335,multipass
21.0,1373.346,603.937,236.500,238.913,-2.413,0.532,13.57,1.00,0.372,multipass
22.0,1373.273,604.544,236.500,238.939,-2.439,0.532,13.81,1.00,0.410,multipass
23.0,1373.209,605.153,236.510,238.971,-2.461,0.532,13.97,1.00,0.431,multipass
24.0,1373.155,605.763,236.500,239.162,-2.662,0.532,13.85,1.00,0.445,multipass
25.0,1373.111,606.377,236.510,239.320,-2.810,0.532,14.01,1.00,0.448,multipass
26.0,1373.080,606.998,236.540,239.360,-2.820,0.532,14.11,1.00,0.446,multipass
27.0,1373.061,607.626,236.580,239.451,-2.871,0.532,14.08,1.00,0.442,multipass
28.0,1373.056,608.265,236.560,239.699,-3.139,0.532,13.90,1.00,0.449,multipass
29.0,1373.068,608.916,236.480,240.191,-3.711,0.532,13.55,1.00,0.443,multipass
30.0,1373.095,609.580,236.470,240.345,-3.875,0.532,12.73,1.00,0.439,multipass
31.0,1373.139,610.260,236.520,240.585,-4.065,0.532,12.02,1.00,0.411,multipass
32.0,1373.201,610.954,236.520,241.982,-5.462,0.532,11.83,1.00,0.379,multipass
33.0,1373.278,611.662,236.360,241.175,-4.815,0.532,11.54,1.00,0.356,skylight
34.0,1373.371,612.383,236.469,241.188,-4.719,0.532,11.70,1.00,0.319,skylight
35.0,1373.478,613.115,236.469,241.189,-4.719,0.532,11.94,0.96,0.282,skylight
36.0,1373.600,613.859,231.454,236.874,-5.420,0.532,11.86,0.74,0.847,skylight
37.0,1373.735,614.612,231.823,236.640,-4.818,0.532,11.22,0.86,0.833,skylight
38.0,1373.882,615.374,231.403,240.353,-8.951,0.532,10.79,1.00,0.860,skylight
39.0,1374.041,616.144,231.381,240.603,-9.223,0.532,10.58,0.93,0.844,skylight
40.0,1374.212,616.921,236.010,240.671,-4.661,0.532,10.15,1.00,0.277,skylight
41.0,1374.393,617.704,236.520,240.712,-4.192,0.532,9.69,1.00,0.293,skylight
42.0,1374.584,618.493,236.560,240.207,-3.647,0.532,9.57,1.00,0.312,multipass
43.0,1374.785,619.285,236.670,239.913,-3.243,0.532,9.33,1.00,0.343,multipass
44.0,1374.994,620.081,236.630,239.953,-3.323,0.532,9.32,1.00,0.380,multipass
45.0,1375.211,620.880,236.660,240.124,-3.464,0.532,9.13,1.00,0.396,multipass
46.0,1375.435,621.679,236.670,240.244,-3.574,0.532,9.17,1.00,0.403,multipass
47.0,1375.666,622.480,236.670,240.273,-3.603,0.532,9.23,1.00,0.425,multipass
48.0,1375.902,623.279,236.610,240.306,-3.696,0.532,9.67,1.00,0.455,multipass
49.0,1376.144,624.077,236.610,240.107,-3.497,0.532,10.07,1.00,0.480,multipass
50.0,1376.390,624.873,236.600,240.143,-3.543,0.532,10.34,1.00,0.516,multipass
51.0,1376.640,625.666,236.610,240.026,-3.416,0.532,10.33,1.00,0.539,multipass
52.0,1376.893,626.455,236.570,240.056,-3.486,0.532,10.07,1.00,0.538,multipass
53.0,1377.149,627.239,236.590,240.161,-3.571,0.532,9.93,1.00,0.532,multipass
54.0,1377.408,628.021,236.580,240.259,-3.679,0.532,10.31,1.00,0.525,multipass
55.0,1377.669,628.799,236.630,240.510,-3.879,0.532,10.66,1.00,0.515,multipass
56.0,1377.932,629.573,236.620,240.978,-4.359,0.532,10.95,1.00,0.504,multipass
57.0,1378.197,630.345,236.610,241.157,-4.547,0.532,11.24,1.00,0.493,multipass
58.0,1378.462,631.113,236.590,241.192,-4.602,0.532,11.24,1.00,0.482,multipass
59.0,1378.729,631.879,236.550,241.315,-4.765,0.532,11.49,1.00,0.472,multipass
60.0,1378.996,632.642,236.540,241.428,-4.888,0.532,11.73,1.00,0.454,multipass
61.0,1379.263,633.403,236.580,241.489,-4.909,0.532,11.88,1.00,0.441,multipass
62.0,1379.531,634.161,236.630,241.768,-5.138,0.532,11.86,0.93,0.438,multipass
63.0,1379.797,634.918,236.600,241.809,-5.209,0.532,11.84,0.92,0.436,skylight
64.0,1380.063,635.672,236.398,241.680,-5.282,0.532,11.76,0.92,0.426,skylight
65.0,1380.328,636.424,236.190,241.689,-5.499,0.532,11.59,0.96,0.420,skylight
66.0,1380.591,637.175,236.190,241.822,-5.632,0.532,11.34,1.00,0.420,skylight
67.0,1380.853,637.924,236.380,241.872,-5.492,0.532,11.32,1.00,0.430,skylight
68.0,1381.112,638.673,236.590,241.799,-5.209,0.532,11.34,1.00,0.446,multipass
69.0,1381.369,639.419,236.664,241.895,-5.232,0.532,11.22,1.00,0.458,multipass
70.0,1381.624,640.165,236.700,241.955,-5.255,0.532,11.06,1.00,0.469,multipass
71.0,1381.875,640.910,236.700,241.866,-5.166,0.532,10.98,1.00,0.486,multipass
72.0,1382.122,641.654,236.710,241.304,-4.594,0.532,10.73,0.99,0.499,multipass
73.0,1382.366,642.398,236.790,240.751,-3.962,0.532,10.37,1.00,0.517,multipass
74.0,1382.605,643.142,236.790,240.825,-4.035,0.532,10.32,1.00,0.523,multipass
75.0,1382.840,643.885,236.810,240.812,-4.002,0.532,10.35,1.00,0.511,multipass
76.0,1383.071,644.628,236.820,240.994,-4.174,0.532,10.24,1.00,0.509,multipass
77.0,1383.296,645.372,236.870,241.136,-4.266,0.532,10.21,1.00,0.499,multipass
78.0,1383.515,646.115,236.850,241.289,-4.439,0.532,10.18,1.00,0.489,multipass
79.0,1383.729,646.860,236.840,241.468,-4.628,0.532,10.16,1.00,0.480,multipass
80.0,1383.937,647.605,236.860,241.568,-4.708,0.532,10.13,1.00,0.469,multipass
81.0,1384.138,648.350,236.880,241.678,-4.797,0.532,10.20,1.00,0.479,multipass
82.0,1384.332,649.097,236.950,241.672,-4.722,0.532,10.08,1.00,0.485,multipass
83.0,1384.519,649.844,237.040,241.906,-4.866,0.532,9.93,1.00,0.492,multipass
84.0,1384.698,650.593,237.070,242.129,-5.059,0.532,10.25,1.00,0.503,multipass
85.0,1384.870,651.344,237.150,242.257,-5.107,0.532,10.49,1.00,0.504,multipass
86.0,1385.033,652.096,237.220,242.440,-5.220,0.532,10.61,1.00,0.504,multipass
87.0,1385.188,652.849,237.260,242.913,-5.653,0.532,11.06,1.00,0.512,multipass
88.0,1385.334,653.605,237.260,243.093,-5.833,0.532,11.08,1.00,0.523,multipass
89.0,1385.471,654.362,237.370,243.282,-5.913,0.532,11.31,1.00,0.523,multipass
90.0,1385.599,655.121,237.370,243.748,-6.378,0.532,11.38,1.00,0.535,multipass
91.0,1385.716,655.882,237.440,244.119,-6.679,0.532,11.56,1.00,0.550,multipass
92.0,1385.824,656.644,237.760,244.280,-6.520,0.532,11.95,1.00,0.547,multipass
93.0,1385.921,657.408,237.850,245.492,-7.642,0.532,13.03,0.94,0.554,multipass
94.0,1386.007,658.173,238.000,245.644,-7.644,0.532,13.70,1.00,0.562,multipass
95.0,1386.083,658.939,238.090,245.553,-7.463,0.532,13.81,1.00,0.570,multipass
96.0,1386.147,659.707,238.240,245.627,-7.387,0.532,13.80,1.00,0.569,multipass
97.0,1386.199,660.476,238.340,245.912,-7.572,0.532,14.03,1.00,0.569,multipass
98.0,1386.240,661.246,238.520,246.102,-7.582,0.532,13.95,1.00,0.563,multipass
99.0,1386.268,662.018,238.540,246.188,-7.648,0.532,13.43,1.00,0.549,multipass
100.0,1386.284,662.790,238.660,245.792,-7.132,0.532,13.54,1.00,0.526,multipass
101.0,1386.287,663.564,238.720,245.843,-7.122,0.532,14.13,1.00,0.506,multipass
102.0,1386.276,664.338,238.770,246.658,-7.888,0.532,17.13,1.00,0.504,multipass
103.0,1386.252,665.113,238.770,245.790,-7.020,0.532,18.17,1.00,0.508,multipass
104.0,1386.215,665.889,238.610,245.940,-7.330,0.532,18.12,1.00,0.513,multipass
105.0,1386.163,666.666,238.580,246.017,-7.437,0.532,17.29,1.00,0.519,skylight
106.0,1386.097,667.443,238.520,246.058,-7.538,0.532,16.15,0.99,0.532,skylight
107.0,1386.016,668.221,238.500,245.943,-7.443,0.532,16.07,0.96,0.537,skylight
108.0,1385.920,668.999,238.530,245.664,-7.134,0.532,15.69,0.94,0.541,skylight
109.0,1385.810,669.778,238.550,245.202,-6.651,0.532,15.33,0.94,0.542,skylight
110.0,1385.686,670.558,238.480,244.994,-6.514,0.532,14.71,0.93,0.548,skylight
111.0,1385.548,671.339,238.480,244.138,-5.658,0.532,14.24,0.92,0.548,skylight
112.0,1385.397,672.120,238.480,243.675,-5.195,0.532,14.16,0.90,0.542,skylight
113.0,1385.234,672.903,238.480,242.904,-4.424,0.532,13.65,0.89,0.517,skylight
114.0,1385.058,673.686,238.370,242.261,-3.891,0.532,13.13,0.89,0.452,skylight
115.0,1384.870,674.471,238.370,242.306,-3.936,0.532,12.66,0.86,0.382,skylight
116.0,1384.671,675.257,238.490,242.075,-3.585,0.532,12.36,0.88,0.310,skylight
117.0,1384.460,676.044,238.530,241.744,-3.214,0.532,12.26,0.92,0.248,skylight
118.0,1384.239,676.833,238.600,241.095,-2.495,0.532,11.48,1.00,0.192,skylight
119.0,1384.008,677.623,238.550,240.018,-1.468,0.532,11.43,1.00,0.151,skylight
120.0,1383.766,678.415,238.630,239.576,-0.945,0.532,11.67,1.00,0.102,skylight
121.0,1383.516,679.208,238.720,238.335,0.385,0.532,10.19,0.97,0.061,multipass
122.0,1383.256,680.004,238.740,238.395,0.345,0.532,9.55,1.00,0.020,intact
123.0,1382.987,680.801,238.720,238.056,0.664,0.532,9.34,1.00,0.003,intact
124.0,1382.711,681.600,238.680,238.030,0.650,0.532,9.37,1.00,0.001,intact
125.0,1382.427,682.401,238.730,237.789,0.941,0.532,9.66,1.00,0.000,intact
126.0,1382.135,683.204,238.720,237.369,1.351,0.532,10.23,1.00,0.000,intact
127.0,1381.836,684.009,238.690,237.059,1.632,0.532,10.64,1.00,0.000,intact
128.0,1381.531,684.816,238.660,236.629,2.031,0.532,11.00,1.00,0.000,intact
129.0,1381.220,685.626,238.660,236.551,2.109,0.532,11.20,0.97,0.000,intact
130.0,1380.904,686.437,238.470,236.805,1.665,0.532,11.60,1.00,0.000,intact
131.0,1380.584,687.251,238.030,236.753,1.277,0.532,11.85,0.99,0.000,intact
132.0,1380.259,688.066,238.030,236.484,1.546,0.532,11.94,1.00,0.000,intact
133.0,1379.931,688.884,237.960,236.120,1.840,0.532,12.10,1.00,0.000,intact
134.0,1379.600,689.704,237.930,235.596,2.334,0.532,12.36,1.00,0.000,intact
135.0,1379.267,690.525,237.920,230.446,7.474,0.532,12.10,1.00,0.000,intact
136.0,1378.932,691.349,237.940,230.169,7.771,0.532,11.82,1.00,0.000,intact
137.0,1378.596,692.175,237.920,229.801,8.119,0.532,11.22,1.00,0.000,intact
138.0,1378.259,693.003,237.900,229.236,8.664,0.532,11.11,1.00,0.000,intact
139.0,1377.922,693.832,237.890,232.138,5.752,0.532,10.89,1.00,0.000,intact
140.0,1377.586,694.664,237.840,232.923,4.917,0.532,10.36,1.00,0.000,intact
141.0,1377.251,695.497,237.830,232.233,5.597,0.532,10.24,1.00,0.000,intact
142.0,1376.917,696.333,237.820,231.158,6.662,0.532,9.93,1.00,0.000,intact
143.0,1376.585,697.170,237.820,230.894,6.926,0.532,9.26,1.00,0.000,intact
144.0,1376.257,698.009,237.850,230.490,7.360,0.532,9.33,1.00,0.000,intact
145.0,1375.932,698.851,237.850,230.078,7.772,0.532,9.10,1.00,0.000,intact
146.0,1375.611,699.694,237.830,230.379,7.451,0.532,8.32,1.00,0.000,intact
147.0,1375.294,700.538,237.830,230.253,7.577,0.532,8.13,1.00,0.000,intact
148.0,1374.982,701.385,237.860,229.879,7.981,0.532,8.58,1.00,0.000,intact
149.0,1374.676,702.234,237.870,229.841,8.029,0.532,9.26,1.00,0.000,intact
150.0,1374.376,703.084,237.880,229.682,8.198,0.532,10.02,1.00,0.000,intact
151.0,1374.083,703.936,237.920,229.458,8.462,0.532,10.13,1.00,0.000,intact
152.0,1373.798,704.790,238.020,229.136,8.884,0.532,10.34,1.00,0.000,intact
153.0,1373.520,705.646,237.990,228.678,9.312,0.532,11.10,0.99,0.000,intact
154.0,1373.251,706.503,238.020,228.250,9.770,0.532,11.92,1.00,0.000,intact
155.0,1372.991,707.362,238.070,227.865,10.205,0.532,12.01,1.00,0.000,intact
156.0,1372.740,708.223,238.130,227.515,10.615,0.532,11.48,1.00,0.000,intact
157.0,1372.500,709.086,238.160,227.701,10.459,0.532,12.95,1.00,0.000,intact
158.0,1372.271,709.950,238.230,227.451,10.779,0.532,13.24,1.00,0.000,intact
159.0,1372.053,710.816,238.290,227.194,11.096,0.532,13.24,1.00,0.000,intact
160.0,1371.846,711.684,238.370,226.750,11.620,0.532,12.91,1.00,0.000,intact
161.0,1371.653,712.553,238.460,226.667,11.793,0.532,12.14,1.00,0.000,intact
162.0,1371.472,713.424,238.520,226.983,11.537,0.532,10.95,1.00,0.000,intact
163.0,1371.305,714.297,238.580,227.002,11.578,0.532,10.17,1.00,0.000,intact
164.0,1371.152,715.172,238.620,226.998,11.622,0.532,9.43,1.00,0.000,intact
165.0,1371.014,716.047,238.720,226.880,11.840,0.532,9.15,1.00,0.000,intact
166.0,1370.890,716.925,238.730,226.688,12.042,0.532,8.82,1.00,0.000,intact
167.0,1370.780,717.804,238.860,225.943,12.917,0.532,8.76,1.00,0.000,intact
168.0,1370.683,718.685,238.940,225.878,13.062,0.532,9.23,1.00,0.000,intact
169.0,1370.600,719.567,238.960,225.542,13.418,0.532,9.39,1.00,0.000,intact
170.0,1370.528,720.451,238.970,225.314,13.657,0.532,9.30,1.00,0.000,intact
171.0,1370.470,721.337,238.890,225.010,13.880,0.532,10.07,1.00,0.000,intact
172.0,1370.423,722.224,238.800,224.776,14.024,0.532,10.10,1.00,0.000,intact
173.0,1370.388,723.112,238.740,224.779,13.961,0.532,10.14,1.00,0.000,intact
174.0,1370.364,724.003,238.650,224.771,13.879,0.532,10.08,1.00,0.000,intact
175.0,1370.351,724.895,238.600,224.318,14.282,0.532,10.02,1.00,0.000,intact
176.0,1370.348,725.788,238.610,224.177,14.433,0.532,10.26,1.00,0.000,intact
177.0,1370.356,726.684,238.610,223.661,14.949,0.532,10.33,1.00,0.000,intact
178.0,1370.373,727.580,238.610,223.415,15.195,0.532,10.43,1.00,0.000,intact
179.0,1370.399,728.479,238.630,223.232,15.398,0.532,10.63,1.00,0.000,intact
180.0,1370.434,729.379,238.680,223.233,15.447,0.532,11.91,1.00,0.000,intact
181.0,1370.478,730.280,238.700,223.367,15.333,0.532,13.06,1.00,0.000,intact
182.0,1370.530,731.183,238.720,223.434,15.286,0.532,13.77,1.00,0.000,intact
183.0,1370.590,732.088,238.740,223.592,15.148,0.532,14.44,1.00,0.000,intact
184.0,1370.657,732.995,238.760,223.963,14.797,0.532,14.97,1.00,0.000,intact
185.0,1370.731,733.903,238.790,224.415,14.375,0.532,16.92,1.00,0.000,intact
186.0,1370.811,734.812,238.800,224.781,14.019,0.532,17.00,1.00,0.000,intact
187.0,1370.898,735.723,238.830,224.979,13.851,0.532,24.49,1.00,0.000,intact
188.0,1370.991,736.636,238.840,225.249,13.591,0.532,25.48,1.00,0.000,intact
189.0,1371.087,737.550,238.910,225.278,13.632,0.532,25.84,1.00,0.000,intact
190.0,1371.185,738.464,239.000,225.482,13.518,0.532,25.47,1.00,0.000,intact
191.0,1371.282,739.379,239.050,225.659,13.391,0.532,10.82,1.00,0.000,intact
192.0,1371.377,740.293,239.090,225.943,13.147,0.532,10.49,1.00,0.000,intact
193.0,1371.468,741.207,239.090,225.892,13.198,0.532,9.83,1.00,0.000,intact
194.0,1371.553,742.120,239.130,225.850,13.280,0.532,9.88,1.00,0.000,intact
195.0,1371.630,743.031,239.220,225.729,13.491,0.532,9.77,1.00,0.000,intact
196.0,1371.697,743.941,239.260,225.914,13.346,0.532,9.82,1.00,0.000,intact
197.0,1371.751,744.848,239.350,225.747,13.603,0.532,9.98,1.00,0.000,intact
198.0,1371.792,745.752,239.420,225.015,14.405,0.532,9.91,1.00,0.000,intact
199.0,1371.816,746.653,239.440,224.864,14.576,0.532,9.61,1.00,0.000,intact
200.0,1371.823,747.551,239.430,224.908,14.522,0.532,9.57,1.00,0.000,intact
201.0,1371.809,748.444,239.470,224.672,14.798,0.532,8.80,1.00,0.000,intact
202.0,1371.774,749.333,239.530,223.635,15.895,0.532,8.31,1.00,0.000,intact
203.0,1371.715,750.217,239.630,223.416,16.214,0.532,8.60,1.00,0.000,intact
204.0,1371.630,751.095,239.650,223.137,16.513,0.532,8.72,1.00,0.000,intact
205.0,1371.517,751.968,239.680,222.626,17.054,0.532,8.72,1.00,0.000,intact
206.0,1371.375,752.835,239.790,221.994,17.796,0.532,8.65,1.00,0.000,intact
207.0,1371.200,753.694,239.950,221.530,18.420,0.532,8.46,1.00,0.000,intact
208.0,1370.992,754.547,239.980,221.054,18.925,0.532,8.66,1.00,0.000,intact
209.0,1370.749,755.393,240.050,220.602,19.448,0.532,8.85,1.00,0.000,intact
210.0,1370.471,756.231,240.120,220.288,19.831,0.532,8.99,1.00,0.000,intact
211.0,1370.162,757.063,240.140,219.740,20.400,0.532,9.03,1.00,0.000,intact
212.0,1369.824,757.889,240.240,219.223,21.017,0.532,8.48,1.00,0.000,intact
213.0,1369.461,758.710,240.300,218.529,21.771,0.532,7.75,1.00,0.000,intact
214.0,1369.075,759.527,240.310,217.878,22.432,0.532,7.81,1.00,0.000,intact
215.0,1368.669,760.341,240.440,217.697,22.743,0.532,7.80,1.00,0.000,intact
216.0,1368.246,761.152,240.480,217.446,23.034,0.532,7.80,1.00,0.000,intact
217.0,1367.810,761.961,240.750,217.123,23.627,0.532,8.13,1.00,0.000,intact
218.0,1367.362,762.769,240.810,216.768,24.042,0.532,8.11,1.00,0.000,intact
219.0,1366.905,763.577,240.720,216.209,24.511,0.532,7.59,1.00,0.000,intact
220.0,1366.441,764.385,240.680,215.983,24.697,0.532,7.18,0.99,0.000,intact
221.0,1365.971,765.196,240.680,215.909,24.771,0.532,7.59,0.99,0.000,intact
222.0,1365.496,766.009,240.630,215.761,24.869,0.532,8.79,0.99,0.000,intact
223.0,1365.018,766.825,240.760,215.532,25.228,0.532,9.37,0.99,0.000,intact
224.0,1364.539,767.645,240.860,215.317,25.543,0.532,9.69,0.99,0.000,intact
225.0,1364.060,768.472,240.970,214.927,26.044,0.532,10.00,1.00,0.000,intact
226.0,1363.582,769.304,241.040,214.755,26.285,0.532,10.50,1.00,0.000,intact
227.0,1363.107,770.144,241.120,214.681,26.439,0.532,11.27,1.00,0.000,intact
228.0,1362.637,770.992,241.220,214.543,26.677,0.532,11.23,1.00,0.000,intact
229.0,1362.172,771.849,241.280,214.273,27.007,0.532,11.09,1.00,0.000,intact
230.0,1361.715,772.715,241.370,214.149,27.221,0.532,10.41,1.00,0.000,intact
231.0,1361.263,773.590,241.420,214.858,26.562,0.532,9.51,1.00,0.000,intact
232.0,1360.818,774.471,241.480,214.859,26.621,0.532,9.21,1.00,0.000,intact
233.0,1360.379,775.358,241.510,214.620,26.890,0.532,8.72,1.00,0.000,intact
234.0,1359.944,776.249,241.590,214.312,27.278,0.532,8.78,1.00,0.000,intact
235.0,1359.514,777.143,241.600,213.682,27.918,0.532,8.84,1.00,0.000,intact
236.0,1359.088,778.038,241.720,213.555,28.165,0.532,9.17,1.00,0.000,intact
237.0,1358.665,778.934,241.730,212.999,28.731,0.532,9.40,1.00,0.000,intact
238.0,1358.246,779.828,241.800,213.512,28.289,0.532,9.95,1.00,0.000,intact
239.0,1357.829,780.720,241.780,213.293,28.487,0.532,10.05,1.00,0.000,intact
240.0,1357.413,781.607,241.830,213.819,28.011,0.532,10.03,1.00,0.000,intact
241.0,1356.999,782.489,241.870,213.763,28.107,0.532,9.97,1.00,0.000,intact
242.0,1356.586,783.365,242.070,213.724,28.346,0.532,10.34,1.00,0.000,intact
243.0,1356.174,784.232,242.080,213.922,28.158,0.532,10.36,1.00,0.000,intact
244.0,1355.761,785.090,242.070,214.078,27.992,0.532,10.13,1.00,0.000,intact
245.0,1355.348,785.938,242.050,214.194,27.856,0.532,10.00,1.00,0.000,intact
246.0,1354.934,786.773,242.020,214.085,27.935,0.532,10.80,1.00,0.000,intact
247.0,1354.517,787.595,242.040,213.852,28.188,0.532,10.88,1.00,0.000,intact
248.0,1354.099,788.401,242.100,213.605,28.495,0.532,10.97,1.00,0.000,intact
249.0,1353.678,789.192,242.080,213.577,28.503,0.532,10.71,1.00,0.000,intact
250.0,1353.255,789.967,242.090,213.206,28.884,0.532,10.34,1.00,0.000,intact
251.0,1352.827,790.726,242.100,212.748,29.352,0.532,10.02,1.00,0.000,intact
252.0,1352.396,791.468,242.200,212.373,29.827,0.532,9.97,1.00,0.000,intact
253.0,1351.960,792.196,242.150,211.962,30.188,0.532,10.19,1.00,0.000,intact
254.0,1351.520,792.907,242.150,212.573,29.577,0.532,10.19,1.00,0.000,intact
255.0,1351.074,793.604,242.150,210.905,31.245,0.532,10.50,1.00,0.000,intact
256.0,1350.622,794.286,242.140,210.208,31.932,0.532,10.82,1.00,0.000,intact
257.0,1350.165,794.954,242.140,209.601,32.539,0.532,10.88,1.00,0.000,intact
258.0,1349.700,795.607,242.190,209.286,32.904,0.532,10.53,1.00,0.000,intact
259.0,1349.229,796.246,242.280,208.828,33.452,0.532,10.34,1.00,0.000,intact
260.0,1348.751,796.871,242.300,208.302,33.998,0.532,9.82,1.00,0.000,intact
261.0,1348.265,797.482,242.350,207.839,34.511,0.532,9.55,1.00,0.000,intact
262.0,1347.770,798.080,242.370,207.257,35.113,0.532,9.38,1.00,0.000,intact
263.0,1347.267,798.665,242.390,206.308,36.082,0.532,9.69,1.00,0.000,intact
264.0,1346.755,799.237,242.430,205.640,36.790,0.532,10.08,1.00,0.000,intact
265.0,1346.233,799.797,242.490,204.641,37.849,0.532,10.65,1.00,0.000,intact
266.0,1345.701,800.344,242.610,203.988,38.622,0.532,10.02,1.00,0.000,intact
267.0,1345.160,800.880,242.720,203.276,39.444,0.532,9.65,1.00,0.000,intact
268.0,1344.609,801.405,242.930,201.240,41.689,0.532,9.71,1.00,0.000,intact
269.0,1344.051,801.922,243.070,197.581,45.489,0.532,9.52,1.00,0.000,intact
270.0,1343.484,802.432,243.100,200.711,42.389,0.532,9.56,1.00,0.000,intact
271.0,1342.911,802.935,243.130,200.298,42.832,0.532,9.34,1.00,0.000,intact
272.0,1342.331,803.434,243.140,199.924,43.215,0.532,9.30,1.00,0.000,intact
273.0,1341.745,803.929,243.150,199.337,43.813,0.532,8.90,1.00,0.000,intact
274.0,1341.154,804.423,243.250,198.548,44.702,0.532,8.53,1.00,0.000,intact
275.0,1340.558,804.915,243.330,197.893,45.437,0.532,8.16,1.00,0.000,intact
276.0,1339.959,805.409,243.420,197.164,46.256,0.532,7.83,1.00,0.000,intact
277.0,1339.356,805.904,243.470,196.599,46.871,0.532,7.43,1.00,0.000,intact
278.0,1338.751,806.402,243.600,196.042,47.558,0.532,7.29,1.00,0.000,intact
279.0,1338.144,806.905,243.770,195.384,48.386,0.532,7.17,1.00,0.000,intact
280.0,1337.535,807.415,243.810,195.165,48.645,0.532,7.45,1.00,0.000,intact
281.0,1336.926,807.931,243.840,194.735,49.105,0.532,7.95,1.00,0.000,intact
282.0,1336.316,808.456,243.940,194.317,49.623,0.532,8.43,1.00,0.000,intact
283.0,1335.708,808.991,244.210,193.825,50.386,0.532,9.00,1.00,0.000,intact
284.0,1335.100,809.538,244.460,193.413,51.047,0.532,9.40,1.00,0.000,intact
285.0,1334.494,810.097,244.580,193.043,51.537,0.532,9.43,1.00,0.000,intact
286.0,1333.891,810.670,244.670,192.616,52.054,0.532,9.57,1.00,0.000,intact
287.0,1333.291,811.256,244.680,192.159,52.521,0.532,9.22,1.00,0.000,intact
288.0,1332.692,811.851,244.690,191.764,52.926,0.532,9.15,1.00,0.000,intact
289.0,1332.096,812.453,244.630,191.481,53.149,0.532,9.06,1.00,0.000,intact
290.0,1331.502,813.059,244.370,191.472,52.898,0.532,8.72,1.00,0.000,intact
291.0,1330.909,813.667,244.190,191.226,52.964,0.532,8.98,1.00,0.000,intact
292.0,1330.318,814.273,244.000,191.349,52.651,0.532,9.07,1.00,0.000,intact
293.0,1329.727,814.874,244.010,192.324,51.686,0.532,9.21,1.00,0.000,intact
294.0,1329.139,815.468,244.000,192.339,51.661,0.532,9.51,1.00,0.000,intact
295.0,1328.550,816.052,243.960,192.127,51.833,0.532,9.88,1.00,0.000,intact
296.0,1327.962,816.622,243.880,191.806,52.074,0.532,10.06,1.00,0.000,intact
297.0,1327.375,817.177,243.790,191.365,52.425,0.532,10.09,1.00,0.000,intact
298.0,1326.788,817.713,243.790,190.723,53.067,0.532,10.31,1.00,0.000,intact
299.0,1326.200,818.228,243.830,190.021,53.809,0.532,10.46,1.00,0.000,intact
300.0,1325.612,818.718,243.830,190.110,53.720,0.532,10.06,1.00,0.000,intact
301.0,1325.024,819.182,243.860,189.888,53.972,0.532,9.50,1.00,0.000,intact
302.0,1324.434,819.620,243.870,189.366,54.504,0.532,9.34,1.00,0.000,intact
303.0,1323.842,820.032,243.860,188.905,54.955,0.532,9.09,1.00,0.000,intact
304.0,1323.247,820.420,243.850,188.517,55.334,0.532,9.24,1.00,0.000,intact
305.0,1322.649,820.784,243.830,188.111,55.719,0.532,9.10,1.00,0.000,intact
306.0,1322.046,821.125,243.900,187.399,56.501,0.532,8.60,1.00,0.000,intact
307.0,1321.438,821.445,243.930,186.841,57.088,0.532,8.38,1.00,0.000,intact
308.0,1320.825,821.742,243.930,185.368,58.562,0.532,8.46,1.00,0.000,intact
309.0,1320.205,822.020,244.000,184.831,59.169,0.532,8.64,1.00,0.000,intact
310.0,1319.577,822.278,244.000,184.221,59.779,0.532,8.59,1.00,0.000,intact
311.0,1318.942,822.516,244.060,183.857,60.203,0.532,8.22,0.99,0.000,intact
312.0,1318.298,822.737,244.060,183.736,60.324,0.532,7.91,0.97,0.000,intact
313.0,1317.644,822.941,244.140,183.358,60.782,0.532,7.71,1.00,0.000,intact
314.0,1316.980,823.128,244.140,183.078,61.062,0.532,7.55,1.00,0.000,intact
315.0,1316.306,823.299,244.130,182.675,61.455,0.532,6.65,1.00,0.000,intact
316.0,1315.619,823.456,244.240,182.266,61.974,0.532,6.42,0.99,0.000,intact
317.0,1314.920,823.598,244.300,181.386,62.914,0.532,6.40,0.99,0.000,intact
318.0,1314.208,823.728,244.340,181.451,62.889,0.532,6.45,0.99,0.000,intact
319.0,1313.482,823.845,244.380,181.237,63.143,0.532,6.54,0.88,0.000,intact
320.0,1312.742,823.950,244.390,180.986,63.404,0.532,6.80,0.96,0.000,intact
321.0,1311.986,824.044,244.430,180.638,63.792,0.532,6.97,0.93,0.000,intact
322.0,1311.213,824.129,244.550,180.365,64.185,0.532,6.85,0.86,0.000,intact
323.0,1310.424,824.204,244.570,180.153,64.417,0.532,6.85,0.88,0.000,intact
324.0,1309.618,824.271,244.700,179.910,64.790,0.532,7.05,0.81,0.000,intact
325.0,1308.793,824.330,244.800,179.596,65.204,0.532,7.27,0.82,0.000,intact
326.0,1307.949,824.383,244.830,179.285,65.545,0.532,7.48,0.88,0.000,intact
327.0,1307.085,824.429,244.980,176.833,68.147,0.532,7.49,0.99,0.000,intact
328.0,1306.200,824.471,245.210,178.211,66.999,0.532,7.36,0.88,0.000,intact
329.0,1305.295,824.508,245.240,177.764,67.476,0.532,7.05,0.93,0.000,intact
330.0,1304.367,824.541,245.260,177.458,67.801,0.532,6.79,0.88,0.000,intact
331.0,1303.416,824.572,245.290,177.171,68.119,0.532,6.42,0.94,0.000,intact
332.0,1302.442,824.601,245.340,176.600,68.740,0.532,6.53,0.82,0.000,intact
333.0,1301.444,824.628,245.380,176.257,69.123,0.532,6.83,0.88,0.000,intact
334.0,1300.421,824.655,245.440,175.765,69.675,0.532,6.64,0.93,0.000,intact
335.0,1299.372,824.683,245.440,174.992,70.448,0.532,6.37,0.89,0.000,intact
336.0,1298.296,824.712,245.480,174.187,71.293,0.532,6.04,0.69,0.000,intact
337.0,1297.194,824.743,245.540,173.930,71.610,0.532,5.81,0.82,0.000,intact
338.0,1296.063,824.778,245.550,172.410,73.140,0.532,3.97,0.97,0.000,intact
